countryId,en,ces,deu,est,fin,fra,hrv,hun,ita,jpn,kor,nld,per,pol,por,rus,slk,spa,swe,urd,zho,cym
AW,Aruba,Aruba,Aruba,Aruba,Aruba,Aruba,Aruba,Aruba,Aruba,アルバ,아루바,Aruba,آروبا,Aruba,Aruba,Аруба,Aruba,Aruba,Aruba,اروبا,阿鲁巴,
AF,Afghanistan,Afghánistán,Afghanistan,Afganistan,Afganistan,Afghanistan,Afganistan,Afganisztán,Afghanistan,アフガニスタン,아프가니스탄,Afghanistan,افغانستان,Afganistan,Afeganistão,Афганистан,Afganistan,Afganistán,Afghanistan,افغانستان,阿富汗,Affganistan
AO,Angola,Angola,Angola,Angola,Angola,Angola,Angola,Angola,Angola,アンゴラ,앙골라,Angola,آنگولا,Angola,Angola,Ангола,Angola,Angola,Angola,انگولہ,安哥拉,Angola
AI,Anguilla,Anguilla,Anguilla,Anguilla,Anguilla,Anguilla,Angvila,Anguilla,Anguilla,アンギラ,앵귈라,Anguilla,آنگویلا,Anguilla,Anguilla,Ангилья,Anguilla,Anguilla,Anguilla,اینگویلا,安圭拉,
AX,Åland Islands,Ålandy,Åland,Ahvenamaa,Ahvenanmaa,Ahvenanmaa,Ålandski otoci,Åland-szigetek,Isole Aland,オーランド諸島,올란드 제도,Ålandeilanden,جزایر الند,Wyspy Alandzkie,Alândia,Аландские острова,Alandy,Alandia,Åland,جزائر اولند,奥兰群岛,
AL,Albania,Albánie,Albanien,Albaania,Albania,Albanie,Albanija,Albánia,Albania,アルバニア,알바니아,Albanië,آلبانی,Albania,Albânia,Албания,Albánsko,Albania,Albanien,البانیا,阿尔巴尼亚,Albania
AD,Andorra,Andorra,Andorra,Andorra,Andorra,Andorre,Andora,Andorra,Andorra,アンドラ,안도라,Andorra,آندورا,Andora,Andorra,Андорра,Andorra,Andorra,Andorra,انڈورا,安道尔,Andorra
AE,United Arab Emirates,Spojené arabské emiráty,Vereinigte Arabische Emirate,Araabia Ühendemiraadid,Arabiemiraatit,Émirats arabes unis,Ujedinjeni Arapski Emirati,Egyesült Arab Emírségek,Emirati Arabi Uniti,アラブ首長国連邦,아랍에미리트,Verenigde Arabische Emiraten,امارات,Zjednoczone Emiraty Arabskie,Emirados Árabes Unidos,Объединённые Арабские Эмираты,Spojené arabské emiráty,Emiratos Árabes Unidos,Förenade Arabemiraten,متحدہ عرب امارات,阿拉伯联合酋长国,
AR,Argentina,Argentina,Argentinien,Argentina,Argentiina,Argentine,Argentina,Argentína,Argentina,アルゼンチン,아르헨티나,Argentinië,آرژانتین,Argentyna,Argentina,Аргентина,Argentína,Argentina,Argentina,ارجنٹائن,阿根廷,Ariannin
AM,Armenia,Arménie,Armenien,Armeenia,Armenia,Arménie,Armenija,Örményország,Armenia,アルメニア,아르메니아,Armenië,ارمنستان,Armenia,Arménia,Армения,Arménsko,Armenia,Armenien,آرمینیا,亚美尼亚,Armenia
AS,American Samoa,Americká Samoa,Amerikanisch-Samoa,Ameerika Samoa,Amerikan Samoa,Samoa américaines,Američka Samoa,Szamoa,Samoa Americane,アメリカ領サモア,아메리칸사모아,Amerikaans Samoa,ساموآی آمریکا,Samoa Amerykańskie,Samoa Americana,Американское Самоа,Americká Samoa,Samoa Americana,Amerikanska Samoa,امریکی سمووا,美属萨摩亚,
AQ,Antarctica,Antarktida,Antarktis,Antarktika,Etelämanner,Antarctique,Antarktika,Antarktisz,Antartide,南極,남극,Antarctica,جنوبگان,Antarktyka,Antártida,Антарктида,Antarktída,Antártida,Antarktis,انٹارکٹکا,南极洲,Yr Antarctig
TF,French Southern and Antarctic Lands,Francouzská jižní a antarktická území,Französische Süd- und Antarktisgebiete,Prantsuse Lõunaalad,Ranskan eteläiset ja antarktiset alueet,Terres australes et antarctiques françaises,Francuski južni i antarktički teritoriji,Francia déli és antarktiszi területek,Territori Francesi del Sud,フランス領南方・南極地域,프랑스령 남부와 남극 지역,Franse Gebieden in de zuidelijke Indische Oceaan,سرزمین‌های جنوبی و جنوبگانی فرانسه,Francuskie Terytoria Południowe i Antarktyczne,Terras Austrais e Antárticas Francesas,Французские Южные и Антарктические территории,Francúzske juŽné a antarktické územia,Tierras Australes y Antárticas Francesas,Franska södra territorierna,سرزمین جنوبی فرانسیسیہ و انٹارکٹیکا,法国南部和南极土地,
AG,Antigua and Barbuda,Antigua a Barbuda,Antigua und Barbuda,Antigua ja Barbuda,Antigua ja Barbuda,Antigua-et-Barbuda,Antigva i Barbuda,Antigua és Barbuda,Antigua e Barbuda,アンティグア・バーブーダ,앤티가 바부다,Antigua en Barbuda,آنتیگوا و باربودا,Antigua i Barbuda,Antígua e Barbuda,Антигуа и Барбуда,Antigua a Barbuda,Antigua y Barbuda,Antigua och Barbuda,اینٹیگوا و باربوڈا,安提瓜和巴布达,Antigwa a Barbiwda
AU,Australia,Austrálie,Australien,Austraalia,Australia,Australie,Australija,Ausztrália,Australia,オーストラリア,호주,Australië,استرالیا,Australia,Austrália,Австралия,Austrália,Australia,Australien,آسٹریلیا,澳大利亚,Awstralia
AT,Austria,Rakousko,Österreich,Austria,Itävalta,Autriche,Austrija,Ausztria,Austria,オーストリア,오스트리아,Oostenrijk,اتریش,Austria,Áustria,Австрия,Rakúsko,Austria,Österrike,آسٹریا,奥地利,Awstria
AZ,Azerbaijan,Ázerbájdžán,Aserbaidschan,Aserbaidžaan,Azerbaidzan,Azerbaïdjan,Azerbajdžan,Azerbajdzsán,Azerbaijan,アゼルバイジャン,아제르바이잔,Azerbeidzjan,جمهوری آذربایجان,Azerbejdżan,Azerbeijão,Азербайджан,AzerbajǇan,Azerbaiyán,Azerbajdzjan,آذربائیجان,阿塞拜疆,Aserbaijan
BI,Burundi,Burundi,Burundi,Burundi,Burundi,Burundi,Burundi,Burundi,Burundi,ブルンジ,부룬디,Burundi,بوروندی,Burundi,Burundi,Бурунди,Burundi,Burundi,Burundi,برونڈی,布隆迪,Bwrwndi
BE,Belgium,Belgie,Belgien,Belgia,Belgia,Belgique,Belgija,Belgium,Belgio,ベルギー,벨기에,België,بلژیک,Belgia,Bélgica,Бельгия,Belgicko,Bélgica,Belgien,بلجئیم,比利时,Gwlad Belg
BJ,Benin,Benin,Benin,Benin,Benin,Bénin,Benin,Benin,Benin,ベナン,베냉,Benin,بنین,Benin,Benin,Бенин,Benin,Benín,Benin,بینن,贝宁,Benin
BF,Burkina Faso,Burkina Faso,Burkina Faso,Burkina Faso,Burkina Faso,Burkina Faso,Burkina Faso,Burkina,Burkina Faso,ブルキナファソ,부르키나파소,Burkina Faso,بورکینافاسو,Burkina Faso,Burkina Faso,Буркина-Фасо,Burkina Faso,Burkina Faso,Burkina Faso,برکینا فاسو,布基纳法索,Bwrcina Ffaso
BD,Bangladesh,Bangladéš,Bangladesch,Bangladesh,Bangladesh,Bangladesh,Bangladeš,Banglades,Bangladesh,バングラデシュ,방글라데시,Bangladesh,بنگلادش,Bangladesz,Bangladesh,Бангладеш,Bangladéš,Bangladesh,Bangladesh,بنگلہ دیش,孟加拉国,Bangladesh
BG,Bulgaria,Bulharsko,Bulgarien,Bulgaaria,Bulgaria,Bulgarie,Bugarska,Bulgária,Bulgaria,ブルガリア,불가리아,Bulgarije,بلغارستان,Bułgaria,Bulgária,Болгария,Bulharsko,Bulgaria,Bulgarien,بلغاریہ,保加利亚,Bwlgaria
BH,Bahrain,Bahrajn,Bahrain,Bahrein,Bahrain,Bahreïn,Bahrein,Bahrein,Bahrein,バーレーン,바레인,Bahrein,بحرین,Bahrajn,Bahrein,Бахрейн,Bahrajn,Bahrein,Bahrain,بحرین,巴林,Bahrain
BS,Bahamas,Bahamy,Bahamas,Bahama,Bahamasaaret,Bahamas,Bahami,Bahama-szigetek,Bahamas,バハマ,바하마,Bahama’s,باهاما,Bahamy,Bahamas,Багамские Острова,Bahamy,Bahamas,Bahamas,بہاماس,巴哈马,Bahamas
BA,Bosnia and Herzegovina,Bosna a Hercegovina,Bosnien und Herzegowina,Bosnia ja Hertsegoviina,Bosnia ja Hertsegovina,Bosnie-Herzégovine,Bosna i Hercegovina,Bosznia-Hercegovina,Bosnia ed Erzegovina,ボスニア・ヘルツェゴビナ,보스니아 헤르체고비나,Bosnië en Herzegovina,بوسنی و هرزگوین,Bośnia i Hercegowina,Bósnia e Herzegovina,Босния и Герцеговина,Bosna a Hercegovina,Bosnia y Herzegovina,Bosnien och Hercegovina,بوسنیا و ہرزیگووینا,波斯尼亚和黑塞哥维那,Bosnia a Hercegovina
BL,Saint Barthélemy,Svatý Bartoloměj,Saint-Barthélemy,Saint-Barthélemy,Saint-Barthélemy,Saint-Barthélemy,Saint Barthélemy,Saint-Barthélemy,Antille Francesi,サン・バルテルミー,생바르텔레미,Saint Barthélemy,سن بارتلمی,Saint-Barthélemy,São Bartolomeu,Сен-Бартелеми,Svätý Bartolomej,San Bartolomé,Saint-Barthélemy,سینٹ بارتھیملے,圣巴泰勒米,
SH,"Saint Helena, Ascension and Tristan da Cunha","Svatá Helena, Ascension a Tristan da Cunha","St. Helena, Ascension und Tristan da Cunha","Saint Helena, Ascension ja Tristan da Cunha","Saint Helena, Ascension ja Tristan da Cunha","Sainte-Hélène, Ascension et Tristan da Cunha",Sveta Helena,Szent Ilona-sziget,"Sant'Elena, Ascensione e Tristan da Cunha",セントヘレナ・アセンションおよびトリスタンダクーニャ,세인트헬레나,"Sint-Helena, Ascension en Tristan da Cunha",سنت هلن,"Wyspa Świętej Heleny, Wyspa Wniebowstąpienia i Tristan da Cunha","Santa Helena, Ascensão e Tristão da Cunha","Острова Святой Елены, Вознесения и Тристан-да-Кунья",Svätá Helena (zámorské územie),"Santa Elena, Ascensión y Tristán de Acuña",Sankta Helena,سینٹ ہلینا، اسینشن و ترسٹان دا کونیا,圣赫勒拿、阿森松和特里斯坦-达库尼亚,
BY,Belarus,Bělorusko,Weißrussland,Valgevene,Valko-Venäjä,Biélorussie,Bjelorusija,Fehéroroszország,Bielorussia,ベラルーシ,벨라루스,Wit-Rusland,بلاروس,Białoruś,Bielorússia,Беларусь,Bielorusko,Bielorrusia,Belarus,بیلاروس,白俄罗斯,Belarws
BZ,Belize,Belize,Belize,Belize,Belize,Belize,Belize,Belize,Belize,ベリーズ,벨리즈,Belize,بلیز,Belize,Belize,Белиз,Belize,Belice,Belize,بیلیز,伯利兹,Belîs
BM,Bermuda,Bermudy,Bermuda,Bermuda,Bermuda,Bermudes,Bermudi,Bermuda,Bermuda,バミューダ,버뮤다,Bermuda,برمودا,Bermudy,Bermudas,Бермудские Острова,Bermudy,Bermudas,Bermuda,برمودا,百慕大,Bermiwda
BO,Bolivia,Bolívie,Bolivien,Boliivia,Bolivia,Bolivie,Bolivija,Bolívia,Bolivia,ボリビア多民族国,볼리비아,Bolivia,بولیوی,Boliwia,Bolívia,Боливия,Bolívia,Bolivia,Bolivia,بولیویا,玻利维亚,Bolifia
BQ,Caribbean Netherlands,Karibské Nizozemsko,Karibische Niederlande,"Bonaire, Sint Eustatius ja Saba","Bonaire, Sint Eustatius ja Saba",Pays-Bas caribéens,"Bonaire, Sint Eustatius i Saba",Bonaire,Paesi Bassi caraibici,ボネール、シント・ユースタティウスおよびサバ,카리브 네덜란드,Caribisch Nederland,جزایر کارائیب هلند,Antyle Holenderskie,Países Baixos Caribenhos,Карибские Нидерланды,"Bonaire, Sint Eustatius a Saba",Caribe Neerlandés,Karibiska Nederländerna,کیریبین نیدرلینڈز,荷蘭加勒比區,
BR,Brazil,Brazílie,Brasilien,Brasiilia,Brasilia,Brésil,Brazil,Brazília,Brasile,ブラジル,브라질,Brazilië,برزیل,Brazylia,Brasil,Бразилия,Brazília,Brasil,Brasilien,برازیل,巴西,Brasil
BB,Barbados,Barbados,Barbados,Barbados,Barbados,Barbade,Barbados,Barbados,Barbados,バルバドス,바베이도스,Barbados,باربادوس,Barbados,Barbados,Барбадос,Barbados,Barbados,Barbados,بارباڈوس,巴巴多斯,Barbados
BN,Brunei,Brunej,Brunei,Brunei,Brunei,Brunei,Brunej,Brunei,Brunei,ブルネイ・ダルサラーム,브루나이,Brunei,برونئی,Brunei,Brunei,Бруней,Brunej,Brunei,Brunei,برونائی,文莱,Brunei
BT,Bhutan,Bhútán,Bhutan,Bhutan,Bhutan,Bhoutan,Butan,Bhután,Bhutan,ブータン,부탄,Bhutan,بوتان,Bhutan,Butão,Бутан,Bhután,Bután,Bhutan,بھوٹان,不丹,Bhwtan
BV,Bouvet Island,Bouvetův ostrov,Bouvetinsel,Bouvet’ saar,Bouvet'nsaari,Île Bouvet,Otok Bouvet,Bouvet-sziget,Isola Bouvet,ブーベ島,부베 섬,Bouveteiland,جزیرهٔ بووه,Wyspa Bouveta,Ilha Bouvet,Остров Буве,Bouvetov ostrov,Isla Bouvet,Bouvetön,جزیرہ بووہ,布维岛,
BW,Botswana,Botswana,Botswana,Botswana,Botswana,Botswana,Bocvana,Botswana,Botswana,ボツワナ,보츠와나,Botswana,بوتسوانا,Botswana,Botswana,Ботсвана,Botswana,Botswana,Botswana,بوٹسوانا,博茨瓦纳,
CF,Central African Republic,Středoafrická republika,Zentralafrikanische Republik,Kesk-Aafrika Vabariik,Keski-Afrikan tasavalta,République centrafricaine,Srednjoafrička Republika,Közép-afrikai Köztársaság,Repubblica Centrafricana,中央アフリカ共和国,중앙아프리카 공화국,Centraal-Afrikaanse Republiek,جمهوری آفریقای مرکزی,Republika Środkowoafrykańska,República Centro-Africana,Центральноафриканская Республика,Stredoafrická republika,República Centroafricana,Centralafrikanska republiken,وسطی افریقی جمہوریہ,中非共和国,Gweriniaeth Canolbarth Affrica
CA,Canada,Kanada,Kanada,Kanada,Kanada,Canada,Kanada,Kanada,Canada,カナダ,캐나다,Canada,کانادا,Kanada,Canadá,Канада,Kanada,Canadá,Kanada,کینیڈا,加拿大,Canada
CC,Cocos (Keeling) Islands,Kokosové ostrovy,Kokosinseln,Kookossaared,Kookossaaret,Îles Cocos,Kokosovi Otoci,Kókusz-szigetek,Isole Cocos e Keeling,ココス（キーリング）諸島,코코스 제도,Cocoseilanden,جزایر کوکوس,Wyspy Kokosowe,Ilhas Cocos (Keeling),Кокосовые острова,Kokosové ostrovy,Islas Cocos o Islas Keeling,Kokosöarna,جزائر کوکوس,科科斯,Ynysoedd Cocos
CH,Switzerland,Švýcarsko,Schweiz,Šveits,Sveitsi,Suisse,Švicarska,Svájc,Svizzera,スイス,스위스,Zwitserland,سوئیس,Szwajcaria,Suíça,Швейцария,Švajčiarsko,Suiza,Schweiz,سویٹذرلینڈ,瑞士,
CL,Chile,Chile,Chile,Tšiili,Chile,Chili,Čile,Chile,Cile,チリ,칠레,Chili,شیلی,Chile,Chile,Чили,Čile,Chile,Chile,چلی,智利,Chile
CN,China,Čína,China,Hiina,Kiina,Chine,Kina,Kína,Cina,中国,중국,China,چین,Chiny,China,Китай,Čína,China,Kina,چین,,Tsieina
CI,Ivory Coast,Pobřeží slonoviny,Elfenbeinküste,Elevandiluurannik,Norsunluurannikko,Côte d'Ivoire,Obala Bjelokosti,Elefántcsontpart,Costa d'Avorio,コートジボワール,코트디부아르,Ivoorkust,ساحل عاج,WybrzeŻe Kości Słoniowej,Costa do Marfim,Кот-д’Ивуар,Pobržie Slonoviny,Costa de Marfil,Elfenbenskusten,آئیوری کوسٹ,科特迪瓦,
CM,Cameroon,Kamerun,Kamerun,Kamerun,Kamerun,Cameroun,Kamerun,Kamerun,Camerun,カメルーン,카메룬,Kameroen,کامِرون,WybrzeŻe Kości Słoniowej,Camarões,Камерун,Kamerun,Camerún,Kamerun,کیمرون,喀麦隆,Camerŵn
CD,DR Congo,DR Kongo,Kongo (Dem. Rep.),Kongo DV,Kongon demokraattinen tasavalta,Congo (Rép. dém.),"Kongo, Demokratska Republika",Kongói Demokratikus Köztársaság,Congo (Rep. Dem.),コンゴ民主共和国,콩고 민주 공화국,Congo (DRC),کنگو دموکراتیک,Demokratyczna Republika Konga,República Democrática do Congo,Демократическая Республика Конго,Kongo,Congo (Rep. Dem.),Kongo-Kinshasa,کانگو,民主刚果,Gweriniaeth Ddemocrataidd Congo
CG,Republic of the Congo,Kongo,Kongo,Kongo Vabariik,Kongo-Brazzaville,Congo,Kongo,Kongói Köztársaság,Congo,コンゴ共和国,콩고,Congo,جمهوری کُنگو,Kongo,Congo,Республика Конго,Kongo,Congo,Kongo-Brazzaville,جمہوریہ کانگو,刚果,Gweriniaeth y Congo
CK,Cook Islands,Cookovy ostrovy,Cookinseln,Cooki saared,Cookinsaaret,Îles Cook,Cookovo Otočje,Cook-szigetek,Isole Cook,クック諸島,쿡 제도,Cookeilanden,جزایر کوک,Wyspy Cooka,Ilhas Cook,Острова Кука,Cookove ostrovy,Islas Cook,Cooköarna,جزائر کک,库克群岛,Ynysoedd Cook
CO,Colombia,Kolumbie,Kolumbien,Colombia,Kolumbia,Colombie,Kolumbija,Kolumbia,Colombia,コロンビア,콜롬비아,Colombia,کلمبیا,Kolumbia,Colômbia,Колумбия,Kolumbia,Colombia,Colombia,کولمبیا,哥伦比亚,Colombia
KM,Comoros,Komory,Komoren,Komoorid,Komorit,Comores,Komori,Comore-szigetek,Comore,コモロ,코모로,Comoren,اتحاد قُمُر,Komory,Comores,Коморы,Komory,Comoras,Komorerna,القمری,科摩罗,Y Comoros
CV,Cape Verde,Kapverdy,Kap Verde,Roheneemesaared,Kap Verde,Îles du Cap-Vert,Zelenortska Republika,Zöld-foki Köztársaság,Capo Verde,カーボベルデ,카보베르데,Kaapverdië,دماغهٔ سبز,Republika Zielonego Przylądka,Cabo Verde,Кабо-Верде,Kapverdy,Cabo Verde,Kap Verde,کیپ ورڈی,佛得角,Penrhyn Verde
CR,Costa Rica,Kostarika,Costa Rica,Costa Rica,Costa Rica,Costa Rica,Kostarika,Costa Rica,Costa Rica,コスタリカ,코스타리카,Costa Rica,کاستاریکا,Kostaryka,Costa Rica,Коста-Рика,Kostarika,Costa Rica,Costa Rica,کوسٹاریکا,哥斯达黎加,Costa Rica
CU,Cuba,Kuba,Kuba,Kuuba,Kuuba,Cuba,Kuba,Kuba,Cuba,キューバ,쿠바,Cuba,کوبا,Kuba,Cuba,Куба,Kuba,Cuba,Kuba,کیوبا,古巴,Ciwba
CW,Curaçao,Curaçao,Curaçao,Curaçao,Curaçao,Curaçao,,Curaçao,Curaçao,,퀴라소,Curaçao,کوراسائو,Curaçao,ilha da Curação,Кюрасао,Curacao,Curazao,Curaçao,کیوراساؤ,库拉索,
CX,Christmas Island,Vánoční ostrov,Weihnachtsinsel,Jõulusaar,Joulusaari,Île Christmas,Božićni otok,Karácsony-sziget,Isola di Natale,クリスマス島,크리스마스 섬,Christmaseiland,جزیرهٔ کریسمس,Wyspa Bożego Narodzenia,Ilha do Natal,Остров Рождества,Vianočnú ostrov,Isla de Navidad,Julön,جزیرہ کرسمس,圣诞岛,Ynys y Nadolig
KY,Cayman Islands,Kajmanské ostrovy,Kaimaninseln,Kaimanisaared,Caymansaaret,Îles Caïmans,Kajmanski otoci,Kajmán-szigetek,Isole Cayman,ケイマン諸島,케이맨 제도,Caymaneilanden,جزایر کیمن,Kajmany,Ilhas Caimão,Каймановы острова,Kajmanie ostrovy,Islas Caimán,Caymanöarna,جزائر کیمین,开曼群岛,Ynysoedd Cayman
CY,Cyprus,Kypr,Zypern,Küpros,Kypros,Chypre,Cipar,Ciprus,Cipro,キプロス,키프로스,Cyprus,قِبرِس,Cypr,Chipre,Кипр,Cyprus,Chipre,Cypern,قبرص,塞浦路斯,Cyprus
CZ,Czechia,Česko,Tschechien,Tšehhi,Tšekki,Tchéquie,Češka,Csehország,Cechia,チェコ,체코,Tsjechië,جمهوری چک,Czechy,Chéquia,Чехия,Česko,Chequia,Tjeckien,چيک,捷克,Y Weriniaeth Tsiec
DE,Germany,Německo,Deutschland,Saksamaa,Saksa,Allemagne,Njemačka,Németország,Germania,ドイツ,독일,Duitsland,آلمان,Niemcy,Alemanha,Германия,Nemecko,Alemania,Tyskland,جرمنی,德国,
DJ,Djibouti,Džibutsko,Dschibuti,Djibouti,Dijibouti,Djibouti,Džibuti,Dzsibuti,Gibuti,ジブチ,지부티,Djibouti,جیبوتی,Dżibuti,Djibouti,Джибути,ǅibutsko,Djibouti,Djibouti,جبوتی,吉布提,Jibwti
DM,Dominica,Dominika,Dominica,Dominica,Dominica,Dominique,Dominika,Dominikai Közösség,Dominica,ドミニカ国,도미니카 공화국,Dominica,دومینیکا,Dominika,Dominica,Доминика,Dominika,Dominica,Dominica,ڈومینیکا,多米尼加,Dominica
DK,Denmark,Dánsko,Dänemark,Taani,Tanska,Danemark,Danska,Dánia,Danimarca,デンマーク,덴마크,Denemarken,دانمارک,Dania,Dinamarca,Дания,Dánsko,Dinamarca,Danmark,ڈنمارک,丹麦,Denmarc
DO,Dominican Republic,Dominikánská republika,Dominikanische Republik,Dominikaani Vabariik,Dominikaaninen tasavalta,République dominicaine,Dominikanska Republika,Dominikai Köztársaság,Repubblica Dominicana,ドミニカ共和国,도미니카 공화국,Dominicaanse Republiek,جمهوری دومینیکن,Dominikana,República Dominicana,Доминиканская Республика,Dominikánska republika,República Dominicana,Dominikanska republiken,ڈومینیکن,多明尼加,Gweriniaeth Dominica
DZ,Algeria,Alžírsko,Algerien,Alžeeria,Algeria,Algérie,Alžir,Algéria,Algeria,アルジェリア,알제리,Algerije,الجزایر,Algieria,Argélia,Алжир,Alžírsko,Argelia,Algeriet,الجزائر,阿尔及利亚,Algeria
EC,Ecuador,Ekvádor,Ecuador,Ecuador,Ecuador,Équateur,Ekvador,Ecuador,Ecuador,エクアドル,에콰도르,Ecuador,اکوادور,Ekwador,Equador,Эквадор,Ekvádor,Ecuador,Ecuador,ایکواڈور,厄瓜多尔,Ecwador
EG,Egypt,Egypt,Ägypten,Egiptus,Egypti,Égypte,Egipat,Egyiptom,Egitto,エジプト,이집트,Egypte,مصر,Egipt,Egito,Египет,Egypt,Egipto,Egypten,مصر,埃及,Yr Aifft
ER,Eritrea,Eritrea,Eritrea,Eritrea,Eritrea,Érythrée,Eritreja,Eritrea,Eritrea,エリトリア,에리트레아,Eritrea,اریتره,Erytrea,Eritreia,Эритрея,Eritrea,Eritrea,Eritrea,ارتریا,厄立特里亚,Eritrea
EH,Western Sahara,Západní Sahara,Westsahara,Lääne-Sahara,Länsi-Sahara,Sahara Occidental,Zapadna Sahara,Nyugat-Szahara,Sahara Occidentale,西サハラ,서사하라,Westelijke Sahara,صحرای غربی,Sahara Zachodnia,Saara Ocidental,Западная Сахара,Západná Sahara,Sahara Occidental,Västsahara,مغربی صحارا,西撒哈拉,
ES,Spain,Španělsko,Spanien,Hispaania,Espanja,Espagne,Španjolska,Spanyolország,Spagna,スペイン,스페인,Spanje,اسپانیا,Hiszpania,Espanha,Испания,Španielsko,España,Spanien,ہسپانیہ,西班牙,
EE,Estonia,Estonsko,Estland,Eesti,Viro,Estonie,Estonija,Észtország,Estonia,エストニア,에스토니아,Estland,اِستونی,Estonia,Estónia,Эстония,Estónsko,Estonia,Estland,اسٹونیا,爱沙尼亚,Estonia
ET,Ethiopia,Etiopie,Äthiopien,Etioopia,Etiopia,Éthiopie,Etiopija,Etiópia,Etiopia,エチオピア,에티오피아,Ethiopië,اِتیوپی,Etiopia,Etiópia,Эфиопия,Etiópia,Etiopía,Etiopien,ایتھوپیا,埃塞俄比亚,Ethiopia
FI,Finland,Finsko,Finnland,Soome,Suomi,Finlande,Finska,Finnország,Finlandia,フィンランド,핀란드,Finland,فنلاند,Finlandia,Finlândia,Финляндия,Fínsko,Finlandia,Finland,فن لینڈ,芬兰,
FJ,Fiji,Fidži,Fidschi,Fidži,Fidži,Fidji,Fiđi,Fidzsi-szigetek,Figi,フィジー,피지,Fiji,فیجی,Fidżi,Fiji,Фиджи,Fiǆi,Fiyi,Fiji,فجی,斐济,
FK,Falkland Islands,Falklandy,Falklandinseln,Falklandi saared,Falkandinsaaret,Îles Malouines,Falklandski Otoci,Falkland-szigetek,Isole Falkland o Isole Malvine,フォークランド（マルビナス）諸島,포클랜드 제도,Falklandeilanden,جزایر فالکلند,Falklandy,Ilhas Malvinas,Фолклендские острова,Falklandy,Islas Malvinas,Falklandsöarna,جزائر فاکلینڈ,福克兰群岛,
FR,France,Francie,Frankreich,Prantsusmaa,Ranska,France,Francuska,Franciaország,Francia,フランス,프랑스,Frankrijk,فرانسه,Francja,França,Франция,Francúzsko,Francia,Frankrike,فرانس,法国,
FO,Faroe Islands,Faerské ostrovy,Färöer-Inseln,Fääri saared,Färsaaret,Îles Féroé,Farski Otoci,Feröer,Isole Far Oer,フェロー諸島,페로 제도,Faeröer,جزایر فاروئه,Wyspy Owcze,Ilhas Faroé,Фарерские острова,Faerské ostrovy,Islas Faroe,Färöarna,جزائر فارو,法罗群岛,
FM,Micronesia,Mikronésie,Mikronesien,Mikroneesia,Mikronesia,Micronésie,Mikronezija,Mikronéziai Szövetségi Államok,Micronesia,ミクロネシア連邦,미크로네시아,Micronesië,میکرونزی,Mikronezja,Micronésia,Федеративные Штаты Микронезии,Mikronézia,Micronesia,Mikronesiska federationen,مائکرونیشیا,密克罗尼西亚,
GA,Gabon,Gabon,Gabun,Gabon,Gabon,Gabon,Gabon,Gabon,Gabon,ガボン,가봉,Gabon,گابن,Gabon,Gabão,Габон,Gabon,Gabón,Gabon,گیبون,加蓬,
GB,United Kingdom,Spojené království,Vereinigtes Königreich,Suurbritannia,Yhdistynyt kuningaskunta,Royaume-Uni,Ujedinjeno Kraljevstvo,Egyesült Királyság,Regno Unito,イギリス,영국,Verenigd Koninkrijk,انگلیس,Zjednoczone Krłlestwo,Reino Unido,Великобритания,Veľká Británia (Spojené kráľovstvo),Reino Unido,Storbritannien,مملکتِ متحدہ,英国,
GE,Georgia,Gruzie,Georgien,Gruusia,Georgia,Géorgie,Gruzija,Grúzia,Georgia,グルジア,조지아,Georgië,گرجستان,Gruzja,Geórgia,Грузия,Gruzínsko,Georgia,Georgien,جارجیا,格鲁吉亚,
GG,Guernsey,Guernsey,Guernsey,Guernsey,Guernsey,Guernesey,Guernsey,Guernsey,Guernsey,ガーンジー,건지 섬,Guernsey,گرنزی,Guernsey,Guernsey,Гернси,Guernsey,Guernsey,Guernsey,گرنزی,根西岛,
GH,Ghana,Ghana,Ghana,Ghana,Ghana,Ghana,Gana,Ghána,Ghana,ガーナ,가나,Ghana,غنا,Ghana,Gana,Гана,Ghana,Ghana,Ghana,گھانا,加纳,
GI,Gibraltar,Gibraltar,Gibraltar,Gibraltar,Gibraltar,Gibraltar,Gibraltar,Gibraltár,Gibilterra,ジブラルタル,지브롤터,Gibraltar,جبل طارق,Gibraltar,Gibraltar,Гибралтар,Gibraltár,Gibraltar,Gibraltar,جبل الطارق,直布罗陀,
GN,Guinea,Guinea,Guinea,Guinea,Guinea,Guinée,Gvineja,Guinea,Guinea,ギニア,기니,Guinee,پاپوآ گینه نو,Gwinea,Guiné,Гвинея,Guinea,Guinea,Guinea,گنی,几内亚,
GP,Guadeloupe,Guadeloupe,Guadeloupe,Guadeloupe,Guadeloupe,Guadeloupe,Gvadalupa,Guadeloupe,Guadeloupa,グアドループ,과들루프,Guadeloupe,گوادلوپ,Gwadelupa,Guadalupe,Гваделупа,Guadeloupe,Guadalupe,Guadeloupe,گواڈیلوپ,瓜德罗普岛,
GM,Gambia,Gambie,Gambia,Gambia,Gambia,Gambie,Gambija,Gambia,Gambia,ガンビア,감비아,Gambia,گامبیا,Gambia,Gâmbia,Гамбия,Gambia,Gambia,Gambia,گیمبیا,冈比亚,
GW,Guinea-Bissau,Guinea-Bissau,Guinea-Bissau,Guinea-Bissau,Guinea-Bissau,Guinée-Bissau,Gvineja Bisau,Bissau-Guinea,Guinea-Bissau,ギニアビサウ,기니비사우,Guinee-Bissau,گینه بیسائو,Gwinea Bissau,Guiné-Bissau,Гвинея-Бисау,Guinea-Bissau,Guinea-Bisáu,Guinea-Bissau,گنی بساؤ,几内亚比绍,
GQ,Equatorial Guinea,Rovníková Guinea,Äquatorialguinea,Ekvatoriaal-Guinea,Päiväntasaajan Guinea,Guinée équatoriale,Ekvatorijalna Gvineja,Egyenlítői-Guinea,Guinea Equatoriale,赤道ギニア,적도 기니,Equatoriaal-Guinea,گینه استوایی,Gwinea Równikowa,Guiné Equatorial,Экваториальная Гвинея,Rovníková Guinea,Guinea Ecuatorial,Ekvatorialguinea,استوائی گنی,赤道几内亚,Gini Gyhydeddol
GR,Greece,Řecko,Griechenland,Kreeka,Kreikka,Grèce,Grčka,Görögország,Grecia,ギリシャ,그리스,Griekenland,یونان,Grecja,Grécia,Греция,Greécko,Grecia,Grekland,یونان,希腊,
GD,Grenada,Grenada,Grenada,Grenada,Grenada,Grenade,Grenada,Grenada,Grenada,グレナダ,그레나다,Grenada,گرنادا,Grenada,Granada,Гренада,Grenada,Grenada,Grenada,گریناڈا,格林纳达,
GL,Greenland,Grónsko,Grönland,Gröönimaa,Groönlanti,Groenland,Grenland,Grönland,Groenlandia,グリーンランド,그린란드,Groenland,گرینلند,Grenlandia,Gronelândia,Гренландия,Grónsko,Groenlandia,Grönland,گرین لینڈ,格陵兰,
GT,Guatemala,Guatemala,Guatemala,Guatemala,Guatemala,Guatemala,Gvatemala,Guatemala,Guatemala,グアテマラ,과테말라,Guatemala,گواتِمالا,Gwatemala,Guatemala,Гватемала,Guatemala,Guatemala,Guatemala,گواتیمالا,危地马拉,
GF,French Guiana,Francouzská Guyana,Französisch-Guayana,Prantsuse Guajaana,Ranskan Guayana,Guyane,Francuska Gvajana,Francia Guyana,Guyana francese,フランス領ギアナ,프랑스령 기아나,Frans-Guyana,گویان فرانسه,Gujana Francuska,Guiana Francesa,Французская Гвиана,Guyana,Guayana Francesa,Franska Guyana,فرانسیسی گیانا,法属圭亚那,
GU,Guam,Guam,Guam,Guam,Guam,Guam,Guam,Guam,Guam,グアム,괌,Guam,گوآم,Guam,Guam,Гуам,Guam,Guam,Guam,گوام,关岛,
GY,Guyana,Guyana,Guyana,Guyana,Guayana,Guyana,Gvajana,Guyana,Guyana,ガイアナ,가이아나,Guyana,گویان,Gujana,Guiana,Гайана,Guyana,Guyana,Guyana,گیانا,圭亚那,
HK,Hong Kong,Hongkong,Hongkong,Hongkong,Hongkong,Hong Kong,Hong Kong,Hongkong,Hong Kong,香港,홍콩,Hongkong,هُنگ کُنگ,Hongkong,Hong Kong,Гонконг,Hongkong,Hong Kong,Hongkong,ہانگ کانگ,,
HM,Heard Island and McDonald Islands,Heardův ostrov a McDonaldovy ostrovy,Heard und die McDonaldinseln,Heard ja McDonald,Heard ja McDonaldinsaaret,Îles Heard-et-MacDonald,Otok Heard i otočje McDonald,Heard-sziget és McDonald-szigetek,Isole Heard e McDonald,ハード島とマクドナルド諸島,허드 맥도널드 제도,Heard-en McDonaldeilanden,جزیره هرد و جزایر مک‌دونالد,Wyspy Heard i McDonalda,Ilha Heard e Ilhas McDonald,Остров Херд и острова Макдональд,Heardov ostrov,Islas Heard y McDonald,Heard- och McDonaldöarna,جزیرہ ہرڈ و جزائر مکڈونلڈ,赫德岛和麦当劳群岛,
HN,Honduras,Honduras,Honduras,Honduras,Honduras,Honduras,Honduras,Honduras,Honduras,ホンジュラス,온두라스,Honduras,هُندوراس,Honduras,Honduras,Гондурас,Honduras,Honduras,Honduras,ہونڈوراس,洪都拉斯,
HR,Croatia,Chorvatsko,Kroatien,Horvaatia,Kroatia,Croatie,Hrvatska,Horvátország,Croazia,クロアチア,크로아티아,Kroatië,کرُواسی,Chorwacja,Croácia,Хорватия,Chorvátsko,Croacia,Kroatien,کرویئشا,克罗地亚,Croatia
HT,Haiti,Haiti,Haiti,Haiti,Haiti,Haïti,Haiti,Haiti,Haiti,ハイチ,아이티,Haïti,هائیتی,Haiti,Haiti,Гаити,Haiti,Haití,Haiti,ہیٹی,海地,
HU,Hungary,Maďarsko,Ungarn,Ungari,Unkari,Hongrie,Mađarska,Magyarország,Ungheria,ハンガリー,헝가리,Hongarije,مجارستان,Węgry,Hungria,Венгрия,Maďarsko,Hungría,Ungern,مجارستان,匈牙利,
ID,Indonesia,Indonésie,Indonesien,Indoneesia,Indonesia,Indonésie,Indonezija,Indonézia,Indonesia,インドネシア,인도네시아,Indonesië,اندونزی,Indonezja,Indonésia,Индонезия,Indonézia,Indonesia,Indonesien,انڈونیشیا,印度尼西亚,
IM,Isle of Man,Ostrov Man,Insel Man,Mani saar,Mansaari,Île de Man,Otok Man,Man,Isola di Man,マン島,맨섬,Isle of Man,جزیرهٔ مَن,Wyspa Man,Ilha de Man,Остров Мэн,Man,Isla de Man,Isle of Man,آئل آف مین,马恩岛,
IN,India,Indie,Indien,India,Intia,Inde,Indija,India,India,インド,인도,India,هند,Indie,Índia,Индия,India,India,Indien,بھارت,印度,
IO,British Indian Ocean Territory,Britské indickooceánské území,Britisches Territorium im Indischen Ozean,Briti India ookeani ala,Brittiläinen Intian valtameren alue,Territoire britannique de l'océan Indien,Britanski Indijskooceanski teritorij,Brit Indiai-óceáni Terület,Territorio britannico dell'oceano indiano,イギリス領インド洋地域,인도,Britse Gebieden in de Indische Oceaan,قلمرو بریتانیا در اقیانوس هند,Brytyjskie Terytorium Oceanu Indyjskiego,Território Britânico do Oceano Índico,Британская территория в Индийском океане,Britské indickooceánske územie,Territorio Británico del Océano Índico,Brittiska territoriet i Indiska Oceanen,برطانوی بحرہند خطہ,英属印度洋领地,Tiriogaeth Brydeinig Cefnfor India
IE,Ireland,Irsko,Irland,Iirimaa,Irlanti,Irlande,Irska,Írország,Irlanda,アイルランド,아일랜드,Ierland,ایرلند,Irlandia,Irlanda,Ирландия,Írsko,Irlanda,Irland,جزیرہ آئرلینڈ,爱尔兰,
IR,Iran,Írán,Iran,Iraan,Iran,Iran,Iran,Irán,Iran,イラン・イスラム共和国,이란,Iran,,Iran,Irão,Иран,Irán,Iran,Iran,ایران,伊朗,
IQ,Iraq,Irák,Irak,Iraak,Irak,Irak,Irak,Irak,Iraq,イラク,이라크,Irak,عراق,Irak,Iraque,Ирак,Irak,Irak,Irak,عراق,伊拉克,
IS,Iceland,Island,Island,Island,Islanti,Islande,Island,Izland,Islanda,アイスランド,아이슬란드,IJsland,ایسلند,Islandia,Islândia,Исландия,Island,Islandia,Island,آئس لینڈ,冰岛,
IL,Israel,Izrael,Israel,Iisrael,Israel,Israël,Izrael,Izrael,Israele,イスラエル,이스라엘,Israël,فلسطين اشغالی,Izrael,Israel,Израиль,Izrael,Israel,Israel,اسرائیل,以色列,
IT,Italy,Itálie,Italien,Itaalia,Italia,Italie,Italija,Olaszország,Italia,イタリア,이탈리아,Italië,ایتالیا,Włochy,Itália,Италия,Taliansko,Italia,Italien,اطالیہ,意大利,
JM,Jamaica,Jamajka,Jamaika,Jamaica,Jamaika,Jamaïque,Jamajka,Jamaica,Giamaica,ジャマイカ,자메이카,Jamaica,جامائیکا,Jamajka,Jamaica,Ямайка,Jamajka,Jamaica,Jamaica,جمیکا,牙买加,
JE,Jersey,Jersey,Jersey,Jersey,Jersey,Jersey,Jersey,Jersey,Isola di Jersey,ジャージー,저지 섬,Jersey,جرزی,Jersey,Jersey,Джерси,Jersey,Jersey,Jersey,جرزی,泽西岛,
JO,Jordan,Jordánsko,Jordanien,Jordaania,Jordania,Jordanie,Jordan,Jordánia,Giordania,ヨルダン,요르단,Jordanië,اردن,Jordania,Jordânia,Иордания,Jordánsko,Jordania,Jordanien,اردن,约旦,
JP,Japan,Japonsko,Japan,Jaapan,Japani,Japon,Japan,Japán,Giappone,日本,일본,Japan,ژاپن,Japonia,Japão,Япония,Japonsko,Japón,Japan,جاپان,日本,
KZ,Kazakhstan,Kazachstán,Kasachstan,Kasahstan,Kazakstan,Kazakhstan,Kazahstan,Kazahsztán,Kazakistan,カザフスタン,카자흐스탄,Kazachstan,قزاقستان,Kazachstan,Cazaquistão,Казахстан,Kazachstan,Kazajistán,Kazakstan,قازقستان,哈萨克斯坦,
KE,Kenya,Keňa,Kenia,Keenia,Kenia,Kenya,Kenija,Kenya,Kenya,ケニア,케냐,Kenia,کنیا,Kenia,Quénia,Кения,Keňa,Kenia,Kenya,کینیا,肯尼亚,
KG,Kyrgyzstan,Kyrgyzstán,Kirgisistan,Kõrgõzstan,Kirgisia,Kirghizistan,Kirgistan,Kirgizisztán,Kirghizistan,キルギス,키르기스스탄,Kirgizië,قرقیزستان,Kirgistan,Quirguistão,Киргизия,Kirgizsko,Kirguizistán,Kirgizistan,کرغیزستان,吉尔吉斯斯坦,
KH,Cambodia,Kambodža,Kambodscha,Kambodža,Kambodža,Cambodge,Kambodža,Kambodzsa,Cambogia,カンボジア,캄보디아,Cambodja,کامبوج,Kambodża,Camboja,Камбоджа,Kamboǆa,Camboya,Kambodja,کمبوڈیا,柬埔寨,Cambodia
KI,Kiribati,Kiribati,Kiribati,Kiribati,Kiribati,Kiribati,Kiribati,Kiribati,Kiribati,キリバス,키리바시,Kiribati,کیریباتی,Kiribati,Kiribati,Кирибати,Kiribati,Kiribati,Kiribati,کیریباتی,基里巴斯,
KN,Saint Kitts and Nevis,Svatý Kryštof a Nevis,St. Kitts und Nevis,Saint Kitts ja Nevis,Saint Kitts ja Nevis,Saint-Christophe-et-Niévès,Sveti Kristof i Nevis,Saint Kitts és Nevis,Saint Kitts e Nevis,セントクリストファー・ネイビス,세인트키츠 네비스,Saint Kitts en Nevis,سنت کیتس و نویس,Saint Kitts i Nevis,São Cristóvão e Nevis,Сент-Китс и Невис,Svätý Krištof a Nevis,San Cristóbal y Nieves,Saint Kitts och Nevis,سینٹ کیٹز و ناویس,圣基茨和尼维斯,
KR,South Korea,Jižní Korea,Südkorea,Lõuna-Korea,Etelä-Korea,Corée du Sud,Južna Koreja,Dél-Korea,Corea del Sud,韓国,한국,Zuid-Korea,کرهٔ جنوبی,Korea Południowa,Coreia do Sul,Южная Корея,Južná Kórea,Corea del Sur,Sydkorea,جنوبی کوریا,韩国,
XK,Kosovo,Kosovo,Kosovo,Kosovo,Kosovo,Kosovo,Kosovo,Koszovó,Kosovo,,코소보,Kosovo,کوزوو,Kosowo,Kosovo,Республика Косово,Kosovo,Kosovo,Kosovo,کوسووہ,科索沃,
KW,Kuwait,Kuvajt,Kuwait,Kuveit,Kuwait,Koweït,Kuvajt,Kuvait,Kuwait,クウェート,쿠웨이트,Koeweit,کُویت,Kuwejt,Kuwait,Кувейт,Kuvajt,Kuwait,Kuwait,کویت,科威特,
LA,Laos,Laos,Laos,Laos,Laos,Laos,Laos,Laosz,Laos,ラオス人民民主共和国,라오스,Laos,لائوس,Laos,Laos,Лаос,Laos,Laos,Laos,لاؤس,老挝,
LB,Lebanon,Libanon,Libanon,Liibanon,Libanon,Liban,Libanon,Libanon,Libano,レバノン,레바논,Libanon,لبنان,Liban,Líbano,Ливан,Libanon,Líbano,Libanon,لبنان,黎巴嫩,
LR,Liberia,Libérie,Liberia,Libeeria,Liberia,Liberia,Liberija,Libéria,Liberia,リベリア,라이베리아,Liberia,لیبـِریا,Liberia,Libéria,Либерия,Libéria,Liberia,Liberia,لائبیریا,利比里亚,
LY,Libya,Libye,Libyen,Liibüa,Libya,Libye,Libija,Líbia,Libia,リビア,리비아,Libië,لیبی,Libia,Líbia,Ливия,Líbya,Libia,Libyen,لیبیا,利比亚,
LC,Saint Lucia,Svatá Lucie,St. Lucia,Saint Lucia,Saint Lucia,Sainte-Lucie,Sveta Lucija,Saint Lucia,Santa Lucia,セントルシア,세인트루시아,Saint Lucia,سنت لوسیا,Saint Lucia,Santa Lúcia,Сент-Люсия,Svätá Lucia,Santa Lucía,Saint Lucia,سینٹ لوسیا,圣卢西亚,
LI,Liechtenstein,Lichtenštejnsko,Liechtenstein,Liechtenstein,Liechenstein,Liechtenstein,Lihtenštajn,Liechtenstein,Liechtenstein,リヒテンシュタイン,리히텐슈타인,Liechtenstein,لیختن‌اشتاین,Liechtenstein,Liechtenstein,Лихтенштейн,Lichtenštajnsko,Liechtenstein,Liechtenstein,لیختینستائن,列支敦士登,
LK,Sri Lanka,Srí Lanka,Sri Lanka,Sri Lanka,Sri Lanka,Sri Lanka,Šri Lanka,Srí Lanka,Sri Lanka,スリランカ,스리랑카,Sri Lanka,سری‌لانکا,Sri Lanka,Sri Lanka,Шри-Ланка,Srí Lanka,Sri Lanka,Sri Lanka,سری لنکا,斯里兰卡,
LS,Lesotho,Lesotho,Lesotho,Lesotho,Lesotho,Lesotho,Lesoto,Lesotho,Lesotho,レソト,레소토,Lesotho,لسوتو,Lesotho,Lesoto,Лесото,Lesotho,Lesotho,Lesotho,لیسوتھو,莱索托,
LT,Lithuania,Litva,Litauen,Leedu,Liettua,Lituanie,Litva,Litvánia,Lituania,リトアニア,리투아니아,Litouwen,لیتوانیایی‌ها,Litwa,Lituânia,Литва,Litva,Lituania,Litauen,لتھووینیا,立陶宛,
LU,Luxembourg,Lucembursko,Luxemburg,Luksemburg,Luxemburg,Luxembourg,Luksemburg,Luxemburg,Lussemburgo,ルクセンブルク,룩셈부르크,Luxemburg,لوکزامبورگ,Luksemburg,Luxemburgo,Люксембург,Luxembursko,Luxemburgo,Luxemburg,لکسمبرگ,卢森堡,
LV,Latvia,Lotyšsko,Lettland,Läti,Latvia,Lettonie,Latvija,Lettország,Lettonia,ラトビア,라트비아,Letland,لتونی,Łotwa,Letónia,Латвия,Lotyšsko,Letonia,Lettland,لٹویا,拉脱维亚,
MO,Macau,Macao,Macao,Macau,Macao,Macao,Makao,Makaó,Macao,マカオ,마카오,Macao,ماکائو,Makau,Macau,Макао,Macao,Macao,Macao,مکاؤ,,
MF,Saint Martin,Svatý Martin (Francie),Saint-Martin,Saint-Martin,Saint-Martin,Saint-Martin,Sveti Martin,Saint-Martin,Saint Martin,サン・マルタン（フランス領）,생마르탱,Saint-Martin,سن مارتن,Saint-Martin,São Martinho,Сен-Мартен,Saint-Martin,Saint Martin,Saint-Martin,سینٹ مارٹن,圣马丁,
MA,Morocco,Maroko,Marokko,Maroko,Marokko,Maroc,Maroko,Marokkó,Marocco,モロッコ,모로코,Marokko,مراکش,Maroko,Marrocos,Марокко,Maroko,Marruecos,Marocko,مراکش,摩洛哥,
MC,Monaco,Monako,Monaco,Monaco,Monaco,Monaco,Monako,Monaco,Principato di Monaco,モナコ,모나코,Monaco,موناکو,Monako,Mónaco,Монако,Monako,Mónaco,Monaco,موناکو,摩纳哥,
MD,Moldova,Moldavsko,Moldawien,Moldova,Moldova,Moldavie,Moldova,Moldova,Moldavia,モルドバ共和国,몰도바,Moldavië,مولداوی,Mołdawia,Moldávia,Молдавия,Moldavsko,Moldavia,Moldavien,مالدووا,摩尔多瓦,
MG,Madagascar,Madagaskar,Madagaskar,Madagaskar,Madagaskar,Madagascar,Madagaskar,Madagaszkár,Madagascar,マダガスカル,마다가스카르,Madagaskar,ماداگاسکار,Madagaskar,Madagáscar,Мадагаскар,Madagaskar,Madagascar,Madagaskar,مڈغاسکر,马达加斯加,
MV,Maldives,Maledivy,Malediven,Maldiivid,Malediivit,Maldives,Maldivi,Maldív-szigetek,Maldive,モルディブ,몰디브,Maldiven,مالدیو,Malediwy,Maldivas,Мальдивы,Maldivy,Maldivas,Maldiverna,مالدیپ,马尔代夫,
MX,Mexico,Mexiko,Mexiko,Mehhiko,Meksiko,Mexique,Meksiko,Mexikó,Messico,メキシコ,멕시코,Mexico,مکزیک,Meksyk,México,Мексика,Mexiko,México,Mexiko,میکسیکو,墨西哥,
MH,Marshall Islands,Marshallovy ostrovy,Marshallinseln,Marshalli Saared,Marshallinsaaret,Îles Marshall,Maršalovi Otoci,Marshall-szigetek,Isole Marshall,マーシャル諸島,마셜 제도,Marshalleilanden,جزایر مارشال,Wyspy Marshalla,Ilhas Marshall,Маршалловы Острова,Marshallove ostrovy,Islas Marshall,Marshallöarna,جزائر مارشل,马绍尔群岛,
MK,North Macedonia,Severní Makedonie,Nordmazedonien,Põhja-Makedoonia,Pohjois-Makedonia,Macédoine du Nord,Sjeverna Makedonija,Észak-Macedónia,Macedonia del Nord,北マケドニア ,북마케도니아,Noord-Macedonië,مقدونیه شمالی,Macedonia Północna,Macedónia do Norte,Северная Македония,Severné Macedónsko,Macedonia del Norte,Nordmakedonien,شمالی مقدونیہ,北馬其頓,
ML,Mali,Mali,Mali,Mali,Mali,Mali,Mali,Mali,Mali,マリ,말리,Mali,مالی,Mali,Mali,Мали,Mali,Mali,Mali,مالی,马里,
MT,Malta,Malta,Malta,Malta,Malta,Malte,Malta,Málta,Malta,マルタ,몰타,Malta,مالت,Malta,Malta,Мальта,Malta,Malta,Malta,مالٹا,马耳他,
MM,Myanmar,Myanmar,Myanmar,Myanmar,Myanmar,Birmanie,Mijanmar,Mianmar,Birmania,ミャンマー,미얀마,Myanmar,میانمار,Mjanma,Myanmar,Мьянма,Mjanmarsko,Myanmar,Myanmar,میانمار,缅甸,
ME,Montenegro,Černá Hora,Montenegro,Montenegro,Montenegro,Monténégro,Crna Gora,Montenegró,Montenegro,モンテネグロ,몬테네그로,Montenegro,مونته‌نگرو,Czarnogóra,Montenegro,Черногория,Čierna Hora,Montenegro,Montenegro,مونٹینیگرو,黑山,
MN,Mongolia,Mongolsko,Mongolei,Mongoolia,Mongolia,Mongolie,Mongolija,Mongólia,Mongolia,モンゴル,몽골국,Mongolië,مغولستان,Mongolia,Mongólia,Монголия,Mongolsko,Mongolia,Mongoliet,منگولیا,蒙古,
MP,Northern Mariana Islands,Severní Mariany,Nördliche Marianen,Põhja-Mariaanid,Pohjois-Mariaanit,Îles Mariannes du Nord,Sjevernomarijanski otoci,Északi-Mariana-szigetek,Isole Marianne Settentrionali,北マリアナ諸島,북마리아나 제도,Noordelijke Marianeneilanden,جزایر ماریانای شمالی,Mariany Północne,Marianas Setentrionais,Северные Марианские острова,Severné Mariány,Islas Marianas del Norte,Nordmarianerna,جزائر شمالی ماریانا,北马里亚纳群岛,
MZ,Mozambique,Mosambik,Mosambik,Mosambiik,Mosambik,Mozambique,Mozambik,Mozambik,Mozambico,モザンビーク,모잠비크,Mozambique,موزامبیک,Mozambik,Moçambique,Мозамбик,Mozambik,Mozambique,Moçambique,موزمبیق,莫桑比克,
MR,Mauritania,Mauritánie,Mauretanien,Mauritaania,Mauritania,Mauritanie,Mauritanija,Mauritánia,Mauritania,モーリタニア,모리타니,Mauritanië,موریتانی,Mauretania,Mauritânia,Мавритания,Mauritánia,Mauritania,Mauretanien,موریتانیہ,毛里塔尼亚,
MS,Montserrat,Montserrat,Montserrat,Montserrat,Montserrat,Montserrat,Montserrat,Montserrat,Montserrat,モントセラト,몬트세랫,Montserrat,مونتسرات,Montserrat,Montserrat,Монтсеррат,Montserrat,Montserrat,Montserrat,مانٹسریٹ,蒙特塞拉特,
MQ,Martinique,Martinik,Martinique,Martinique,Martinique,Martinique,Martinique,Martinique,Martinica,マルティニーク,마르티니크,Martinique,مارتینیک,Martynika,Martinica,Мартиника,Martinique,Martinica,Martinique,مارٹینیک,马提尼克,
MU,Mauritius,Mauricius,Mauritius,Mauritius,Mauritius,Île Maurice,Mauricijus,Mauritius,Mauritius,モーリシャス,모리셔스,Mauritius,موریس,Mauritius,Maurício,Маврикий,Maurícius,Mauricio,Mauritius,موریشس,毛里求斯,
MW,Malawi,Malawi,Malawi,Malawi,Malawi,Malawi,Malavi,Malawi,Malawi,マラウイ,말라위,Malawi,مالاوی,Malawi,Malawi,Малави,Malawi,Malawi,Malawi,ملاوی,马拉维,
MY,Malaysia,Malajsie,Malaysia,Malaisia,Malesia,Malaisie,Malezija,Malajzia,Malesia,マレーシア,말레이시아,Maleisië,مالزی,Malezja,Malásia,Малайзия,Malajzia,Malasia,Malaysia,ملائیشیا,马来西亚,
YT,Mayotte,Mayotte,Mayotte,Mayotte,Mayotte,Mayotte,Mayotte,Mayotte,Mayotte,マヨット,마요트,Mayotte,مایوت,Majotta,Mayotte,Майотта,Mayotte,Mayotte,Mayotte,مایوٹ,马约特,
NA,Namibia,Namibie,Namibia,Namiibia,Namibia,Namibie,Namibija,Namíbia,Namibia,ナミビア,나미비아,Namibië,نامیبیا,Namibia,Namíbia,Намибия,Namíbia,Namibia,Namibia,نمیبیا,纳米比亚,
NC,New Caledonia,Nová Kaledonie,Neukaledonien,Uus-Kaledoonia,Uusi-Kaledonia,Nouvelle-Calédonie,Nova Kaledonija,Új-Kaledónia,Nuova Caledonia,ニューカレドニア,누벨칼레도니,Nieuw-Caledonië,کالدونیای جدید,Nowa Kaledonia,Nova Caledónia,Новая Каледония,Nová Kaledónia,Nueva Caledonia,Nya Kaledonien,نیو کیلیڈونیا,新喀里多尼亚,
NE,Niger,Niger,Niger,Niger,Niger,Niger,Niger,Niger,Niger,ニジェール,니제르,Niger,نیجر,Niger,Níger,Нигер,Niger,Níger,Niger,نائجر,尼日尔,
NF,Norfolk Island,Norfolk,Norfolkinsel,Norfolk,Norfolkinsaari,Île Norfolk,Otok Norfolk,Norfolk-sziget,Isola Norfolk,ノーフォーク島,노퍽 섬,Norfolkeiland,جزیره نورفک,Wyspa Norfolk,Ilha Norfolk,Норфолк,Norfolk,Isla de Norfolk,Norfolkön,جزیرہ نورفک,诺福克岛,
NG,Nigeria,Nigérie,Nigeria,Nigeeria,Nigeria,Nigéria,Nigerija,Nigéria,Nigeria,ナイジェリア,나이지리아,Nigeria,نیجریه,Nigeria,Nigéria,Нигерия,Nigéria,Nigeria,Nigeria,نائجیریا,尼日利亚,
NI,Nicaragua,Nikaragua,Nicaragua,Nicaragua,Nicaragua,Nicaragua,Nikaragva,Nicaragua,Nicaragua,ニカラグア,니카라과,Nicaragua,نیکاراگوئه,Nikaragua,Nicarágua,Никарагуа,Nikaragua,Nicaragua,Nicaragua,نکاراگوا,尼加拉瓜,
NU,Niue,Niue,Niue,Niue,Niue,Niue,Niue,Niue,Niue,ニウエ,니우에,Niue,نیووی,Niue,Niue,Ниуэ,Niue,Niue,Niue,نیووے,纽埃,
NL,Netherlands,Nizozemsko,Niederlande,Holland,Alankomaat,Pays-Bas,Nizozemska,Hollandia,Paesi Bassi,オランダ,네덜란드,Nederland,هلند,Holandia,Holanda,Нидерланды,Holansko,Países Bajos,Nederländerna,نیدرلینڈز,荷兰,
NO,Norway,Norsko,Norwegen,Norra,Norja,Norvège,Norveška,Norvégia,Norvegia,ノルウェー,노르웨이,Noorwegen,نروژ,Norwegia,Noruega,Норвегия,Nórsko,Noruega,Norge,ناروے,挪威,
NP,Nepal,Nepál,Nepal,Nepal,Nepal,Népal,Nepal,Nepál,Nepal,ネパール,네팔,Nepal,نپال,Nepal,Nepal,Непал,Nepál,Nepal,Nepal,نیپال,尼泊尔,
NR,Nauru,Nauru,Nauru,Nauru,Nauru,Nauru,Nauru,Nauru,Nauru,ナウル,나우루,Nauru,نائورو,Nauru,Nauru,Науру,Nauru,Nauru,Nauru,ناورو,瑙鲁,
NZ,New Zealand,Nový Zéland,Neuseeland,Uus-Meremaa,Uusi-Seelanti,Nouvelle-Zélande,Novi Zeland,Új-Zéland,Nuova Zelanda,ニュージーランド,뉴질랜드,Nieuw-Zeeland,نیوزیلند,Nowa Zelandia,Nova Zelândia,Новая Зеландия,Nový Zéland,Nueva Zelanda,Nya Zeeland,نیوزی لینڈ,新西兰,
OM,Oman,Omán,Oman,Omaan,Oman,Oman,Oman,Omán,oman,オマーン,오만,Oman,عمان,Oman,Omã,Оман,Omán,Omán,Oman,عمان,阿曼,
PK,Pakistan,Pákistán,Pakistan,Pakistan,Pakistan,Pakistan,Pakistan,Pakisztán,Pakistan,パキスタン,파키스탄,Pakistan,پاکستان,Pakistan,Paquistão,Пакистан,Pakistan,Pakistán,Pakistan,پاکستان,巴基斯坦,
PA,Panama,Panama,Panama,Panama,Panama,Panama,Panama,Panama,Panama,パナマ,파나마,Panama,پاناما,Panama,Panamá,Панама,Panama,Panamá,Panama,پاناما,巴拿马,
PN,Pitcairn Islands,Pitcairnovy ostrovy,Pitcairninseln,Pitcairn,Pitcairn,Îles Pitcairn,Pitcairnovo otočje,Pitcairn-szigetek,Isole Pitcairn,ピトケアン,핏케언 제도,Pitcairneilanden,جزایر پیت‌کرن,Pitcairn,Ilhas Pitcairn,Острова Питкэрн,Pitcairnove ostrovy,Islas Pitcairn,Pitcairnöarna,جزائر پٹکیرن,皮特凯恩群岛,
PE,Peru,Peru,Peru,Peruu,Peru,Pérou,Peru,Peru,Perù,ペルー,페루,Peru,پرو,Peru,Perú,Перу,Peru,Perú,Peru,پیرو,秘鲁,
PH,Philippines,Filipíny,Philippinen,Filipiinid,Filippiinit,Philippines,Filipini,Fülöp-szigetek,Filippine,フィリピン,필리핀,Filipijnen,فیلیپین,Filipiny,Filipinas,Филиппины,Filipíny,Filipinas,Filippinerna,فلپائن,菲律宾,
PW,Palau,Palau,Palau,Belau,Palau,Palaos (Palau),Palau,Palau,Palau,パラオ,팔라우,Palau,پالائو,Palau,Palau,Палау,Palau,Palau,Palau,پلاؤ,帕劳,
PG,Papua New Guinea,Papua-Nová Guinea,Papua-Neuguinea,Paapua Uus-Guinea,Papua-Uusi-Guinea,Papouasie-Nouvelle-Guinée,Papua Nova Gvineja,Pápua Új-Guinea,Papua Nuova Guinea,パプアニューギニア,파푸아뉴기니,Papoea-Nieuw-Guinea,پاپوآ گینه نو,Papua-Nowa Gwinea,Papua Nova Guiné,Папуа — Новая Гвинея,Papua-Nová Guinea,Papúa Nueva Guinea,Papua Nya Guinea,پاپوا نیو گنی,巴布亚新几内亚,
PL,Poland,Polsko,Polen,Poola,Puola,Pologne,Poljska,Lengyelország,Polonia,ポーランド,폴란드,Polen,لهستان,Polska,Polónia,Польша,Poľsko,Polonia,Polen,پولینڈ,波兰,
PR,Puerto Rico,Portoriko,Puerto Rico,Puerto Rico,Puerto Rico,Porto Rico,Portoriko,Puerto Rico,Porto Rico,プエルトリコ,푸에르토리코,Puerto Rico,پورتوریکو,Portoryko,Porto Rico,Пуэрто-Рико,Portoriko,Puerto Rico,Puerto Rico,پورٹو ریکو,波多黎各,
KP,North Korea,Severní Korea,Nordkorea,Põhja-Korea,Pohjois-Korea,Corée du Nord,Sjeverna Koreja,Észak-Korea,Corea del Nord,朝鮮民主主義人民共和国,조선,Noord-Korea,کُره شمالی,Korea Północna,Coreia do Norte,Северная Корея,"Kórejská ľudovodemokratická republika (KĽR, Severná Kórea)",Corea del Norte,Nordkorea,شمالی کوریا,朝鲜,
PT,Portugal,Portugalsko,Portugal,Portugal,Portugali,Portugal,Portugal,Portugália,Portogallo,ポルトガル,포르투갈,Portugal,پرتغال,Portugalia,Portugal,Португалия,Portugalsko,Portugal,Portugal,پرتگال,葡萄牙,
PY,Paraguay,Paraguay,Paraguay,Paraguay,Paraguay,Paraguay,Paragvaj,Paraguay,Paraguay,パラグアイ,파라과이,Paraguay,پاراگوئه,Paragwaj,Paraguai,Парагвай,Paraguaj,Paraguay,Paraguay,پیراگوئے,巴拉圭,
PS,Palestine,Palestina,Palästina,Palestiina,Palestiina,Palestine,Palestina,Palesztina,Palestina,パレスチナ,팔레스타인,Palestijnse gebieden,فلسطین,Palestyna,Palestina,Палестина,Palestína,Palestina,Palestina,فلسطین,巴勒斯坦,
PF,French Polynesia,Francouzská Polynésie,Französisch-Polynesien,Prantsuse Polüneesia,Ranskan Polynesia,Polynésie française,Francuska Polinezija,Francia Polinézia,Polinesia Francese,フランス領ポリネシア,프랑스령 폴리네시아,Frans-Polynesië,پُلی‌نِزی فرانسه,Polinezja Francuska,Polinésia Francesa,Французская Полинезия,Francúzska Polynézia,Polinesia Francesa,Franska Polynesien,فرانسیسی پولینیشیا,法属波利尼西亚,
QA,Qatar,Katar,Katar,Katar,Qatar,Qatar,Katar,Katar,Qatar,カタール,카타르,Qatar,قطر,Katar,Catar,Катар,Katar,Catar,Qatar,قطر,卡塔尔,
RE,Réunion,Réunion,Réunion,Réunion,Réunion,Réunion,Réunion,Réunion,Riunione,レユニオン,레위니옹,Réunion,رئونیون,Reunion,Reunião,Реюньон,Réunion,Reunión,Réunion,رے یونیوں,留尼旺岛,
RO,Romania,Rumunsko,Rumänien,Rumeenia,Romania,Roumanie,Rumunjska,Románia,Romania,ルーマニア,루마니아,Roemenië,رومانی,Rumunia,Roménia,Румыния,Rumunsko,Rumania,Rumänien,رومانیہ,罗马尼亚,
RU,Russia,Rusko,Russland,Venemaa,Venäjä,Russie,Rusija,Oroszország,Russia,ロシア連邦,러시아,Rusland,روسیه,Rosja,Rússia,Россия,Rusko,Rusia,Ryssland,روس,俄罗斯,
RW,Rwanda,Rwanda,Ruanda,Rwanda,Ruanda,Rwanda,Ruanda,Ruanda,Ruanda,ルワンダ,르완다,Rwanda,رواندا,Rwanda,Ruanda,Руанда,Rwanda,Ruanda,Rwanda,روانڈا,卢旺达,
SA,Saudi Arabia,Saúdská Arábie,Saudi-Arabien,Saudi Araabia,Saudi-Arabia,Arabie Saoudite,Saudijska Arabija,Szaúd-Arábia,Arabia Saudita,サウジアラビア,사우디아라비아,Saoedi-Arabië,عربستان سعودی,Arabia Saudyjska,Arábia Saudita,Саудовская Аравия,Saudská Arábia,Arabia Saudí,Saudiarabien,سعودی عرب,沙特阿拉伯,
SD,Sudan,Súdán,Sudan,Sudaan,Sudan,Soudan,Sudan,Szudán,Sudan,スーダン,수단,Soedan,سودان,Sudan,Sudão,Судан,Sudán,Sudán,Sudan,سودان,苏丹,
SN,Senegal,Senegal,Senegal,Senegal,Senegal,Sénégal,Senegal,Szenegál,Senegal,セネガル,세네갈,Senegal,سنگال,Senegal,Senegal,Сенегал,Senegal,Senegal,Senegal,سینیگال,塞内加尔,
SG,Singapore,Singapur,Singapur,Singapur,Singapore,Singapour,Singapur,Szingapúr,Singapore,シンガポール,싱가포르,Singapore,سنگاپور,Singapur,Singapura,Сингапур,Singapur,Singapur,Singapore,سنگاپور,,
GS,South Georgia,Jižní Georgie a Jižní Sandwichovy ostrovy,Südgeorgien und die Südlichen Sandwichinseln,Lõuna-Georgia ja Lõuna-Sandwichi saared,Etelä-Georgia ja Eteläiset Sandwichsaaret,Géorgie du Sud-et-les Îles Sandwich du Sud,Južna Georgija i otočje Južni Sandwich,Déli-Georgia és Déli-Sandwich-szigetek,Georgia del Sud e Isole Sandwich Meridionali,サウスジョージア・サウスサンドウィッチ諸島,조지아,Zuid-Georgia en Zuidelijke Sandwicheilanden,جزایر جورجیای جنوبی و ساندویچ جنوبی,Georgia Południowa i Sandwich Południowy,Ilhas Geórgia do Sul e Sandwich do Sul,Южная Георгия и Южные Сандвичевы острова,Južná Georgia a Južné Sandwichove ostrovy,Islas Georgias del Sur y Sandwich del Sur,Sydgeorgien,جنوبی جارجیا,南乔治亚,
SJ,Svalbard and Jan Mayen,Špicberky a Jan Mayen,Spitzbergen und Jan Mayen,Svalbard,Huippuvuoret,Svalbard et Jan Mayen,Svalbard i Jan Mayen,Svalbard és Jan Mayen,Svalbard e Jan Mayen,スヴァールバル諸島およびヤンマイエン島,스발바르 얀마옌 제도,Svalbard en Jan Mayen,سوالبارد و یان ماین,Svalbard i Jan Mayen,Ilhas Svalbard e Jan Mayen,Шпицберген и Ян-Майен,Svalbard a Jan Mayen,Islas Svalbard y Jan Mayen,Svalbard och Jan Mayen,سوالبارڈ اور جان میئن,斯瓦尔巴特,
SB,Solomon Islands,Šalamounovy ostrovy,Salomonen,Saalomoni Saared,Salomonsaaret,Îles Salomon,Solomonski Otoci,Salamon-szigetek,Isole Salomone,ソロモン諸島,솔로몬 제도,Salomonseilanden,جزایر سلیمان,Wyspy Salomona,Ilhas Salomão,Соломоновы Острова,Salomonove ostrovy,Islas Salomón,Salomonöarna,جزائر سلیمان,所罗门群岛,
SL,Sierra Leone,Sierra Leone,Sierra Leone,Sierra Leone,Sierra Leone,Sierra Leone,Sijera Leone,Sierra Leone,Sierra Leone,シエラレオネ,시에라리온,Sierra Leone,سیرالئون,Sierra Leone,Serra Leoa,Сьерра-Леоне,Sierra Leone,Sierra Leone,Sierra Leone,سیرالیون,塞拉利昂,
SV,El Salvador,Salvador,El Salvador,El Salvador,El Salvador,Salvador,Salvador,Salvador,El Salvador,エルサルバドル,엘살바도르,El Salvador,السالوادور,Salwador,El Salvador,Сальвадор,Salvádor,El Salvador,El Salvador,ایل سیلواڈور,萨尔瓦多,El Salfador
SM,San Marino,San Marino,San Marino,San Marino,San Marino,Saint-Marin,San Marino,San Marino,San Marino,サンマリノ,산마리노,San Marino,سان مارینو,San Marino,San Marino,Сан-Марино,San Maríno,San Marino,San Marino,سان مارینو,圣马力诺,
SO,Somalia,Somálsko,Somalia,Somaalia,Somalia,Somalie,Somalija,Szomália,Somalia,ソマリア,소말리아,Somalië,سومالی,Somalia,Somália,Сомали,Somálsko,Somalia,Somalia,صومالیہ,索马里,
PM,Saint Pierre and Miquelon,Saint-Pierre a Miquelon,St. Pierre und Miquelon,Saint-Pierre ja Miquelon,Saint-Pierre ja Miquelon,Saint-Pierre-et-Miquelon,Sveti Petar i Mikelon,Saint-Pierre és Miquelon,Saint-Pierre e Miquelon,サンピエール島・ミクロン島,생피에르 미클롱,Saint Pierre en Miquelon,سن-پیِر و میکلُن,Saint-Pierre i Miquelon,Saint-Pierre e Miquelon,Сен-Пьер и Микелон,Saint Pierre a Miquelon,San Pedro y Miquelón,Saint-Pierre och Miquelon,سینٹ پیئر و میکیلون,圣皮埃尔和密克隆,
RS,Serbia,Srbsko,Serbien,Serbia,Serbia,Serbie,Srbija,Szerbia,Serbia,セルビア,세르비아,Servië,صربستان,Serbia,Sérvia,Сербия,Srbsko,Serbia,Serbien,سربیا,塞尔维亚,
SS,South Sudan,Jižní Súdán,Südsudan,Lõuna-Sudaan,Etelä-Sudan,Soudan du Sud,Južni Sudan,Dél-Szudán,Sudan del sud,南スーダン,남수단,Zuid-Soedan,سودان جنوبی,Sudan,Sudão do Sul,Южный Судан,Južný Sudán,Sudán del Sur,Sydsudan,جنوبی سوڈان,南苏丹,
ST,São Tomé and Príncipe,Svatý Tomáš a Princův ostrov,São Tomé und Príncipe,São Tomé ja Príncipe,São Téme ja Príncipe,São Tomé et Príncipe,Sveti Toma i Princip,São Tomé és Príncipe,São Tomé e Príncipe,サントメ・プリンシペ,상투메 프린시페,Sao Tomé en Principe,سائوتومه و پرنسیپ,Wyspy Świętego Tomasza i Książęca,São Tomé e Príncipe,Сан-Томе и Принсипи,Svätý Tomáš a Princov ostrov,Santo Tomé y Príncipe,São Tomé och Príncipe,ساؤ ٹومے و پرنسپے,圣多美和普林西比,
SR,Suriname,Surinam,Suriname,Suriname,Suriname,Surinam,Surinam,Suriname,Suriname,スリナム,수리남,Suriname,سورینام,Surinam,Suriname,Суринам,Surinam,Surinam,Surinam,سرینام,苏里南,
SK,Slovakia,Slovensko,Slowakei,Slovakkia,Slovakia,Slovaquie,Slovačka,Szlovákia,Slovacchia,スロバキア,슬로바키아,Slowakije,اِسلُواکی,Słowacja,Eslováquia,Словакия,Slovensko,República Eslovaca,Slovakien,سلوواکیہ,斯洛伐克,
SI,Slovenia,Slovinsko,Slowenien,Sloveenia,Slovenia,Slovénie,Slovenija,Szlovénia,Slovenia,スロベニア,슬로베니아,Slovenië,اسلوونی,Słowenia,Eslovénia,Словения,Slovinsko,Eslovenia,Slovenien,سلووینیا,斯洛文尼亚,
SE,Sweden,Švédsko,Schweden,Rootsi,Ruotsi,Suède,Švedska,Svédország,Svezia,スウェーデン,스웨덴,Zweden,سوئد,Szwecja,Suécia,Швеция,Švédsko,Suecia,Sverige,سویڈن,瑞典,
SZ,Eswatini,Svazijsko,Swasiland,Svaasimaa,Swazimaa,Swaziland,Svazi,Szváziföld,Swaziland,スワジランド,에스와티니,Swaziland,اسواتینی,Suazi,Suazilândia,Свазиленд,Svazijsko,Suazilandia,Swaziland,سوازی لینڈ,斯威士兰,
SX,Sint Maarten,Svatý Martin (Nizozemsko),Sint Maarten,Sint Maarten,Sint Maarten,Saint-Martin,Sveti Martin,Sint Maarten,Sint Maarten,シント・マールテン,신트마르턴,Sint Maarten,سن مارتن,Sint Maarten,São Martinho,Синт-Мартен,Sint Maarten,Sint Maarten,Sint Maarten,سنٹ مارٹن,圣马丁岛,
SC,Seychelles,Seychely,Seychellen,Seišellid,Seychellit,Seychelles,Sejšeli,Seychelle-szigetek,Seychelles,セーシェル,세이셸,Seychellen,سیشل,Seszele,Seicheles,Сейшельские Острова,Seychely,Seychelles,Seychellerna,سیچیلیس,塞舌尔,
SY,Syria,Sýrie,Syrien,Süüria,Syyria,Syrie,Sirija,Szíria,Siria,シリア・アラブ共和国,시리아,Syrië,سوریه,Syria,Síria,Сирия,Sýria,Siria,Syrien,سوریہ,叙利亚,
TC,Turks and Caicos Islands,Turks a Caicos,Turks-und Caicosinseln,Turks ja Caicos,Turks-ja Caicossaaret,Îles Turques-et-Caïques,Otoci Turks i Caicos,Turks- és Caicos-szigetek,Isole Turks e Caicos,タークス・カイコス諸島,터크스 케이커스 제도,Turks-en Caicoseilanden,جزایر تورکس و کایکوس,Turks i Caicos,Ilhas Turks e Caicos,Теркс и Кайкос,Turks a Caicos,Islas Turks y Caicos,Turks- och Caicosöarna,جزائر کیکس و ترکیہ,特克斯和凯科斯群岛,
TD,Chad,Čad,Tschad,Tšaad,Tšad,Tchad,Čad,Csád,Ciad,チャド,차드,Tsjaad,چاد,Czad,Chade,Чад,Čad,Chad,Tchad,چاڈ,乍得,Tsiad
TG,Togo,Togo,Togo,Togo,Togo,Togo,Togo,Togo,Togo,トーゴ,토고,Togo,توگو,Togo,Togo,Того,Togo,Togo,Togo,ٹوگو,多哥,
TH,Thailand,Thajsko,Thailand,Tai,Thaimaa,Thaïlande,Tajland,Thaiföld,Tailandia,タイ,태국,Thailand,تایلند,Tajlandia,Tailândia,Таиланд,Thajsko,Tailandia,Thailand,تھائی لینڈ,泰国,
TJ,Tajikistan,Tádžikistán,Tadschikistan,Tadžikistan,Tadžikistan,Tadjikistan,Tađikistan,Tádzsikisztán,Tagikistan,タジキスタン,타지키스탄,Tadzjikistan,تاجیکِستان,Tadżykistan,Tajiquistão,Таджикистан,Taǆikistan,Tayikistán,Tadzjikistan,تاجکستان,塔吉克斯坦,
TK,Tokelau,Tokelau,Tokelau,Tokelau,Tokelau,Tokelau,Tokelau,Tokelau-szigetek,Isole Tokelau,トケラウ,토켈라우,Tokelau,توکلائو,Tokelau,Tokelau,Токелау,Tokelau,Islas Tokelau,Tokelauöarna,ٹوکیلاؤ,托克劳,
TM,Turkmenistan,Turkmenistán,Turkmenistan,Türkmenistan,Turkmenistan,Turkménistan,Turkmenistan,Türkmenisztán,Turkmenistan,トルクメニスタン,투르크메니스탄,Turkmenistan,ترکمنستان,Turkmenistan,Turquemenistão,Туркмения,Turkménsko,Turkmenistán,Turkmenistan,ترکمانستان,土库曼斯坦,
TL,Timor-Leste,Východní Timor,Osttimor,Ida-Timor,Itä-Timor,Timor oriental,Istočni Timor,Kelet-Timor,Timor Est,東ティモール,동티모르,Oost-Timor,تیمور شرقی,Timor Wschodni,Timor-Leste,Восточный Тимор,Východný Timor,Timor Oriental,Östtimor,مشرقی تیمور,东帝汶,
TO,Tonga,Tonga,Tonga,Tonga,Tonga,Tonga,Tonga,Tonga,Tonga,トンガ,통가,Tonga,تونگا,Tonga,Tonga,Тонга,Tonga,Tonga,Tonga,ٹونگا,汤加,
TT,Trinidad and Tobago,Trinidad a Tobago,Trinidad und Tobago,Trinidad ja Tobago,Trinidad ja Tobago,Trinité-et-Tobago,Trinidad i Tobago,Trinidad és Tobago,Trinidad e Tobago,トリニダード・トバゴ,트리니다드 토바고,Trinidad en Tobago,ترینیداد و توباگو,Trynidad i Tobago,Trinidade e Tobago,Тринидад и Тобаго,Trinidad a Tobago,Trinidad y Tobago,Trinidad och Tobago,ٹرینیڈاڈ و ٹوباگو,特立尼达和多巴哥,
TN,Tunisia,Tunisko,Tunesien,Tuneesia,Tunisia,Tunisie,Tunis,Tunézia,Tunisia,チュニジア,튀니지,Tunesië,تونس,Tunezja,Tunísia,Тунис,Tunisko,Túnez,Tunisien,تونس,突尼斯,
TR,Turkey,Turecko,Türkei,Türgi,Turkki,Turquie,Turska,Törökország,Turchia,トルコ,터키,Turkije,ترکیه,Turcja,Turquia,Турция,Turecko,Turquía,Turkiet,ترکی,土耳其,
TV,Tuvalu,Tuvalu,Tuvalu,Tuvalu,Tuvalu,Tuvalu,Tuvalu,Tuvalu,Tuvalu,ツバル,투발루,Tuvalu,تووالو,Tuvalu,Tuvalu,Тувалу,Tuvalu,Tuvalu,Tuvalu,تووالو,图瓦卢,
TW,Taiwan,Tchaj-wan,Taiwan,Taiwan,Taiwan,Taïwan,Tajvan,Tajvan,Taiwan,台湾,대만,Taiwan,تایوان,Tajwan,Ilha Formosa,Тайвань,Taiwan,Taiwán,Taiwan,تائیوان,,
TZ,Tanzania,Tanzanie,Tansania,Tansaania,Tansania,Tanzanie,Tanzanija,Tádzsikisztán,Tanzania,タンザニア,탄자니아,Tanzania,تانزانیا,Tanzania,Tanzânia,Танзания,Tanzánia,Tanzania,Tanzania,تنزانیہ,坦桑尼亚,
UG,Uganda,Uganda,Uganda,Uganda,Uganda,Ouganda,Uganda,Uganda,Uganda,ウガンダ,우간다,Oeganda,اوگاندا,Uganda,Uganda,Уганда,Uganda,Uganda,Uganda,یوگنڈا,乌干达,
UA,Ukraine,Ukrajina,Ukraine,Ukraina,Ukraina,Ukraine,Ukrajina,Ukrajna,Ucraina,ウクライナ,우크라이나,Oekraïne,اوکراین,Ukraina,Ucrânia,Украина,Ukrajina,Ucrania,Ukraina,یوکرین,乌克兰,
UM,United States Minor Outlying Islands,Menší odlehlé ostrovy USA,Kleinere Inselbesitzungen der Vereinigten Staaten,Ühendriikide hajasaared,Yhdysvaltain asumattomat saaret,Îles mineures éloignées des États-Unis,Mali udaljeni otoci SAD-a,Az Amerikai Egyesült Államok lakatlan külbirtokai,Isole minori esterne degli Stati Uniti d'America,合衆国領有小離島,미국령 군소 제도,Kleine afgelegen eilanden van de Verenigde Staten,جزایر کوچک حاشیه‌ای ایالات متحده آمریکا,Dalekie Wyspy Mniejsze Stanów Zjednoczonych,Ilhas Menores Distantes dos Estados Unidos,Внешние малые острова США,Menšie odľahlé ostrovy USA,Islas Ultramarinas Menores de Estados Unidos,Förenta staternas mindre öar i Oceanien och Västindien,امریکی چھوٹے بیرونی جزائر,美国本土外小岛屿,
UY,Uruguay,Uruguay,Uruguay,Uruguay,Uruguay,Uruguay,Urugvaj,Uruguay,Uruguay,ウルグアイ,우루과이,Uruguay,اروگوئه,Urugwaj,Uruguai,Уругвай,Uruguaj,Uruguay,Uruguay,یوراگوئے,乌拉圭,
US,United States,Spojené státy,Vereinigte Staaten,Ameerika Ühendriigid,Yhdysvallat,États-Unis,Sjedinjene Američke Države,Amerikai Egyesült Államok,Stati Uniti d'America,アメリカ合衆国,미국,Verenigde Staten,ایالات متحده آمریکا,Stany Zjednoczone,Estados Unidos,Соединённые Штаты Америки,Spojené štáty americké,Estados Unidos,USA,ریاستہائے متحدہ,美国,
UZ,Uzbekistan,Uzbekistán,Usbekistan,Usbekistan,Uzbekistan,Ouzbékistan,Uzbekistan,Üzbegisztán,Uzbekistan,ウズベキスタン,우즈베키스탄,Oezbekistan,ازبکستان,Uzbekistan,Uzbequistão,Узбекистан,Uzbekistan,Uzbekistán,Uzbekistan,ازبکستان,乌兹别克斯坦,
VA,Vatican City,Vatikán,Vatikanstadt,Vatikan,Vatikaani,Cité du Vatican,Vatikan,Vatikán,Città del Vaticano,バチカン市国,바티칸,Vaticaanstad,واتیکان,Watykan,Cidade do Vaticano,Ватикан,Vatikán,Ciudad del Vaticano,Vatikanstaten,ویٹیکن سٹی,梵蒂冈,
VC,Saint Vincent and the Grenadines,Svatý Vincenc a Grenadiny,St. Vincent und die Grenadinen,Saint Vincent,Saint Vincent ja Grenadiinit,Saint-Vincent-et-les-Grenadines,Sveti Vincent i Grenadini,Saint Vincent és a Grenadine-szigetek,Saint Vincent e Grenadine,セントビンセントおよびグレナディーン諸島,세인트빈센트 그레나딘,Saint Vincent en de Grenadines,سنت وینسنت و گرنادین‌ها,Saint Vincent i Grenadyny,São Vincente e Granadinas,Сент-Винсент и Гренадины,Svätý Vincent a Grenadíny,San Vicente y Granadinas,Saint Vincent och Grenadinerna,سینٹ وینسینٹ و گریناڈائنز,圣文森特和格林纳丁斯,
VE,Venezuela,Venezuela,Venezuela,Venezuela,Venezuela,Venezuela,Venezuela,Venezuela,Venezuela,ベネズエラ・ボリバル共和国,베네수엘라,Venezuela,ونزوئلا,Wenezuela,Venezuela,Венесуэла,Venezuela,Venezuela,Venezuela,وینیزویلا,委内瑞拉,
VG,British Virgin Islands,Britské Panenské ostrovy,Britische Jungferninseln,Briti Neitsisaared,Neitsytsaaret,Îles Vierges britanniques,Britanski Djevičanski Otoci,Brit Virgin-szigetek,Isole Vergini Britanniche,イギリス領ヴァージン諸島,영국령 버진아일랜드,Britse Maagdeneilanden,جزایر ویرجین بریتانیا,Brytyjskie Wyspy Dziewicze,Ilhas Virgens,Британские Виргинские острова,Panenské ostrovy,Islas Vírgenes del Reino Unido,Brittiska Jungfruöarna,برطانوی جزائر ورجن,英属维尔京群岛,
VI,United States Virgin Islands,Americké Panenské ostrovy,Amerikanische Jungferninseln,"Neitsisaared, USA",Neitsytsaaret,Îles Vierges des États-Unis,Američki Djevičanski Otoci,Amerikai Virgin-szigetek,Isole Vergini americane,アメリカ領ヴァージン諸島,미국령 버진아일랜드,Amerikaanse Maagdeneilanden,جزایر ویرجین ایالات متحده آمریکا,Wyspy Dziewicze Stanów Zjednoczonych,Ilhas Virgens dos Estados Unidos,Виргинские Острова,Americké Panenské ostrovy,Islas Vírgenes de los Estados Unidos,Amerikanska Jungfruöarna,امریکی جزائر ورجن,美属维尔京群岛,
VN,Vietnam,Vietnam,Vietnam,Vietnam,Vietnam,Viêt Nam,Vijetnam,Vietnám,Vietnam,ベトナム,베트남,Vietnam,ویتنام,Wietnam,Vietname,Вьетнам,Vietnam,Vietnam,Vietnam,ویتنام,越南,
VU,Vanuatu,Vanuatu,Vanuatu,Vanuatu,Vanuatu,Vanuatu,Vanuatu,Vanuatu,Vanuatu,バヌアツ,바누아투,Vanuatu,وانواتو,Vanuatu,Vanuatu,Вануату,Vanuatu,Vanuatu,Vanuatu,وانواتو,瓦努阿图,
WF,Wallis and Futuna,Wallis a Futuna,Wallis und Futuna,Wallis ja Futuna,Wallis ja Futuna,Wallis-et-Futuna,Wallis i Fortuna,Wallis és Futuna,Wallis e Futuna,ウォリス・フツナ,왈리스 퓌튀나,Wallis en Futuna,والیس و فوتونا,Wallis i Futuna,Wallis e Futuna,Уоллис и Футуна,Wallis a Futuna,Wallis y Futuna,Wallis- och Futunaöarna,والس و فتونہ,瓦利斯和富图纳群岛,
WS,Samoa,Samoa,Samoa,Samoa,Samoa,Samoa,Samoa,Szamoa,Samoa,サモア,사모아,Samoa,ساموآ,Samoa,Samoa,Самоа,Samoa,Samoa,Samoa,سامووا,萨摩亚,
YE,Yemen,Jemen,Jemen,Jeemen,Jemen,Yémen,Jemen,Jemen,Yemen,イエメン,예멘,Jemen,یمن,Jemen,Iémen,Йемен,Jemen,Yemen,Jemen,یمن,也门,
ZA,South Africa,Jihoafrická republika,Südafrika,Lõuna-Aafrika Vabariik,Etelä-Afrikka,Afrique du Sud,Južnoafrička Republika,Dél-afrikai Köztársaság,Sud Africa,南アフリカ,남아프리카,Zuid-Afrika,آفریقای جنوبی,Południowa Afryka,África do Sul,Южно-Африканская Республика,Juhoafrická republika,República de Sudáfrica,Sydafrika,جنوبی افریقا,南非,
ZM,Zambia,Zambie,Sambia,Sambia,Sambia,Zambie,Zambija,Zambia,Zambia,ザンビア,잠비아,Zambia,زامبیا,Zambia,Zâmbia,Замбия,Zambia,Zambia,Zambia,زیمبیا,赞比亚,
ZW,Zimbabwe,Zimbabwe,Simbabwe,Zimbabwe,Zimbabwe,Zimbabwe,Zimbabve,Zimbabwe,Zimbabwe,ジンバブエ,짐바브웨,Zimbabwe,زیمبابوه,Zimbabwe,Zimbabwe,Зимбабве,Zimbabwe,Zimbabue,Zimbabwe,زمبابوے,津巴布韦,
