entrantConstructorId,driverId,roundsText,isTestDriver
1,juan-manuel-fangio,"1-2,4-7",0
1,luigi-fagioli,"1-2,4-7",0
1,nino-farina,"1-2,4-7",0
1,reg-parnell,1,0
1,consalvo-sanesi,7,0
1,piero-taruffi,7,0
2,pat-flaherty,3,0
3,toni-branca,5,0
4,eugene-martin,"1,4",0
4,louis-rosier,"1,4-6",0
4,philippe-etancelin,"1,5",0
4,yves-giraud-cabantous,"1,4-6",0
4,raymond-sommer,6,0
5,myron-fohr,3,0
6,bill-holland,3,0
6,tony-bettenhausen,3,0
7,george-connor,3,0
8,lee-wallard,3,0
9,bob-gerard,1-2,0
10,charles-pozzi,6,0
11,dick-rathmann,3,0
12,clemente-biondetti,7,0
13,jimmy-jackson,3,0
14,cuth-harrison,"1-2,7",0
15,johnny-claes,"1-2,4-7",0
16,harry-schell,4,0
17,eugene-chaboud,5-6,0
18,louis-rosier,"2,7",0
18,henri-louveau,7,0
19,birabongse-bhanudej,"1-2,4,7",0
19,emmanuel-de-graffenried,"1-2,4,7",0
20,maurice-trintignant,"2,7",0
20,robert-manzon,"2,6-7",0
21,joie-chitwood,3,0
21,tony-bettenhausen,3,0
22,bill-schindler,3,0
23,spider-webb,3,0
24,geoffrey-crossley,"1,5",0
25,troy-ruttman,3,0
26,mack-hellings,3,0
26,walt-brown,3,0
27,guy-mairesse,7,0
28,harry-schell,2,0
29,mauri-rose,3,0
30,fred-agabashian,3,0
30,henry-banks,3,0
31,jack-mcgrath,3,0
32,walt-faulkner,3,0
33,brian-shawe-taylor,1,0
33,joe-fry,1,0
34,joe-kelly,1,0
35,fred-agabashian,3,0
35,johnnie-parsons,3,0
36,jerry-hoyt,3,0
37,johnny-mcdowell,3,0
38,cecil-green,3,0
39,sam-hanks,3,0
40,duane-carter,3,0
41,jackie-holmes,3,0
42,louis-chiron,"1-2,4,6-7",0
42,franco-rol,"2,6-7",0
43,jimmy-davies,3,0
44,paul-pietsch,7,0
45,paul-russo,3,0
46,peter-walker,1,0
46,tony-rolt,1,0
47,peter-whitehead,"2,6-7",0
48,philippe-etancelin,"2,4,6-7",0
48,eugene-chaboud,6,0
49,pierre-levegh,5-7,0
50,jim-rathmann,3,0
51,raymond-sommer,"5,7",0
52,bayliss-levrett,3,0
52,bill-cantrell,3,0
53,walt-ader,3,0
54,alfredo-pian,2,0
54,jose-froilan-gonzalez,"2,6",0
54,nello-pagani,4,0
54,toni-branca,4,0
55,david-hampshire,"1,6",0
55,david-murray,"1,7",0
55,reg-parnell,6,0
56,alberto-ascari,"2,4-5,7",0
56,luigi-villoresi,"2,4-5",0
56,raymond-sommer,"2,4",0
56,dorino-serafini,7,0
57,felice-bonetto,4,0
58,felice-bonetto,6-7,0
58,franco-comotti,7,0
59,leslie-johnson,1,0
60,gene-hartley,3,0
61,duke-dinsmore,3,0
62,consalvo-sanesi,"1,3-5",0
62,emmanuel-de-graffenried,"1,7-8",0
62,juan-manuel-fangio,"1,3-8",0
62,nino-farina,"1,3-8",0
62,luigi-fagioli,4,0
62,felice-bonetto,5-8,0
62,paul-pietsch,6,0
63,fred-agabashian,2,0
64,toni-branca,6,0
65,chuck-stevenson,2,0
66,bobby-ball,2,0
67,george-connor,2,0
68,henry-banks,2,0
69,joe-james,2,0
70,bob-gerard,5,0
71,brian-shawe-taylor,5,0
72,peter-walker,5,0
72,reg-parnell,"5,7",0
72,hans-stuck,7,0
72,ken-richardson,7,0
73,bill-vukovich,2,0
74,walt-brown,2,0
75,rodger-ward,2,0
76,duncan-hamilton,5-6,0
77,johnny-claes,"1,3-8",0
78,andre-pilette,3,0
78,jacques-swaters,6-7,0
79,rudi-fischer,"1,6-7",0
80,henri-louveau,1,0
80,louis-rosier,"1,3-8",0
80,louis-chiron,3-8,0
81,johnnie-parsons,2,0
82,harry-schell,"1,4",0
82,louis-chiron,1,0
82,emmanuel-de-graffenried,"4,6",0
82,paul-pietsch,6,0
83,aldo-gordini,4,0
83,andre-simon,"4,6-8",0
83,maurice-trintignant,"4,6-8",0
83,robert-manzon,"4,6-8",0
84,carl-forberg,2,0
85,eugene-chaboud,4,0
86,chico-landi,7,0
87,reg-parnell,4,0
87,peter-whitehead,5,0
88,andy-linden,2,0
89,georges-grignard,8,0
90,peter-whitehead,4,0
91,walt-faulkner,2,0
92,bill-schindler,2,0
93,mauri-rose,2,0
94,george-abecassis,1,0
94,stirling-moss,1,0
95,jack-mcgrath,2,0
95,manny-ayulo,2,0
96,troy-ruttman,2,0
97,mike-nazaruk,2,0
98,joe-kelly,5,0
99,john-james,5,0
100,jose-froilan-gonzalez,1,0
101,bill-mackey,2,0
102,carl-scarborough,2,0
103,chet-miller,2,0
103,duke-nalon,2,0
104,cliff-griffith,2,0
105,cecil-green,2,0
106,lee-wallard,2,0
107,franco-rol,7,0
108,jimmy-davies,2,0
109,peter-hirt,1,0
110,sam-hanks,2,0
111,peter-whitehead,"1,7",0
112,philip-fotheringham-parker,5,0
113,philippe-etancelin,"1,3-4,6,8",0
114,pierre-levegh,"3,6-7",0
115,birabongse-bhanudej,8,0
116,david-murray,5-6,0
117,alberto-ascari,"1,3-8",0
117,luigi-villoresi,"1,3-8",0
117,piero-taruffi,"1,3,6-8",0
117,jose-froilan-gonzalez,4-8,0
118,onofre-marimon,4,0
119,juan-jover,8,0
119,paco-godia,8,0
120,mack-hellings,2,0
121,gene-force,2,0
122,duke-dinsmore,2,0
123,johnny-mcdowell,2,0
124,duane-carter,2,0
124,tony-bettenhausen,2,0
125,guy-mairesse,"1,4",0
125,yves-giraud-cabantous,"1,3-4,6-8",0
126,adolf-brudes,6,0
127,hans-stuck,1,0
128,mike-hawthorn,4,0
128,reg-parnell,5,0
129,max-de-terra,1,0
130,spider-webb,2,0
131,jim-rathmann,2,0
132,arthur-legat,3,0
133,duane-carter,2,0
134,karl-gunther-bechem,6,0
135,chuck-stevenson,2,0
136,tony-bettenhausen,2,0
137,henry-banks,2,0
138,jim-rigsby,2,0
139,eddie-johnson,2,0
140,manny-ayulo,2,0
141,eric-thompson,5,0
141,dennis-poore,"5,8",0
141,ken-downing,5,0
141,kenneth-mcalpine,"5,8",0
141,stirling-moss,8,0
142,fred-agabashian,2,0
143,johnny-claes,4-5,0
143,paul-frere,7,0
144,david-murray,5,0
145,peter-hirt,"1,4-5",0
145,rudi-fischer,"1,4-6,8",0
145,rudolf-schoeller,6,0
145,hans-stuck,8,0
146,charles-de-tornaco,"3,7-8",0
146,roger-laurent,6,0
147,alan-brown,"1,3,5,8",0
147,eric-brandon,"1,3,5,8",0
148,louis-rosier,"1,3-4,8",0
148,maurice-trintignant,1,0
149,joe-james,2,0
149,sam-hanks,2,0
150,elie-bayol,8,0
151,stirling-moss,"3,5,7",0
152,emmanuel-de-graffenried,"1,4-5,8",0
152,harry-schell,"1,4-5",0
152,alberto-crespo,8,0
153,birabongse-bhanudej,"1,3-5",0
153,jean-behra,"1,3-4,6-8",0
153,robert-manzon,"1,3-8",0
153,johnny-claes,3,0
153,maurice-trintignant,4-8,0
154,ernst-klodwig,6,0
155,philippe-etancelin,4,0
155,eitel-cantoni,"5-6,8",0
155,gino-bianco,5-8,0
155,chico-landi,7-8,0
155,jan-flinterman,7,0
156,george-connor,2,0
156,rodger-ward,2,0
157,fritz-riess,6,0
158,roy-salvadori,5,0
159,george-fonder,2,0
160,bill-schindler,2,0
161,hans-klenk,6,0
162,andy-linden,2,0
163,helmut-niedermayr,6,0
164,bill-vukovich,2,0
165,george-abecassis,1,0
165,lance-macklin,"1,3-5,7-8",0
165,peter-collins,"1,3-6,8",0
165,stirling-moss,1,0
165,paul-frere,"3,6",0
165,roger-laurent,3,0
165,yves-giraud-cabantous,4,0
165,duncan-hamilton,"5,7",0
165,johnny-claes,6,0
165,dries-van-der-lof,7,0
166,jack-mcgrath,2,0
167,troy-ruttman,2,0
168,johnnie-parsons,2,0
169,josef-peters,6,0
170,ken-downing,7,0
171,bob-sweikert,2,0
172,mike-hawthorn,"3,5,7-8",0
173,chet-miller,2,0
173,duke-nalon,2,0
174,bob-scott,2,0
175,ludwig-fischer,6,0
176,jimmy-reece,2,0
177,marcel-balsa,6,0
178,gene-hartley,2,0
179,paul-pietsch,6,0
180,felice-bonetto,"6,8",0
180,franco-rol,8,0
180,jose-froilan-gonzalez,8,0
181,jimmy-bryan,2,0
182,graham-whitehead,5,0
182,peter-whitehead,4,0
183,peter-whitehead,"5,8",0
184,piero-dusio,8,0
185,art-cross,2,0
186,robert-obrien,3,0
187,robin-montgomerie-charrington,3,0
188,johnny-mcdowell,2,0
189,rudolf-krause,6,0
190,andre-simon,"1,8",0
190,nino-farina,"1,3-8",0
190,piero-taruffi,"1,3-6,8",0
190,alberto-ascari,2-8,0
190,luigi-villoresi,7-8,0
191,ken-wharton,"1,3,7",0
192,ken-wharton,8,0
193,franco-comotti,4,0
193,piero-carini,"4,6",0
194,theo-helfrich,6,0
195,cliff-griffith,2,0
196,toni-ulmen,"1,6",0
197,tony-crook,5,0
198,tony-gaze,"3,5-6,8",0
199,johnny-claes,8,0
200,willi-heeks,6,0
201,willi-krakau,6,0
202,harry-merkel,6,0
203,bobby-ball,2,0
204,bill-aston,"5-6,8",0
205,spider-webb,2,0
206,bob-sweikert,2,0
207,arthur-legat,4,0
208,peter-whitehead,6,0
209,art-cross,2,0
210,don-freeland,2,0
211,bob-gerard,5-6,0
212,jimmy-daywalt,2,0
213,kenneth-mcalpine,"3,6-7,9",0
213,roy-salvadori,"3,5-7,9",0
213,stirling-moss,3,0
213,birabongse-bhanudej,5-7,0
213,jack-fairman,9,0
214,adolfo-schwelm-cruz,1,0
214,alan-brown,1,0
214,john-barber,1,0
215,stirling-moss,"5,7,9",0
216,rudolf-krause,7,0
217,johnny-thomson,2,0
218,johnny-thomson,2,0
219,johnny-claes,"3,5,7,9",0
219,andre-pilette,4,0
220,ian-stewart,6,0
221,jimmy-stewart,6,0
222,kurt-adolff,7,0
222,max-de-terra,8,0
222,peter-hirt,8,0
223,charles-de-tornaco,4,0
223,jacques-swaters,"4,7-8",0
224,louis-rosier,3-9,0
225,duane-carter,2,0
225,sam-hanks,2,0
226,elie-bayol,"5,8",0
227,emmanuel-de-graffenried,4-9,0
228,emmanuel-de-graffenried,3,0
229,alan-brown,"7,9",0
229,helm-glockler,7,0
230,carlos-menditeguy,1,0
230,harry-schell,"1,3-7,9",0
230,jean-behra,"1,4-8",0
230,maurice-trintignant,"1,3-9",0
230,robert-manzon,1,0
230,fred-wacker,"3-4,8",0
230,roberto-mieres,"3,5,9",0
231,pablo-birger,1,0
232,jim-rathmann,2,0
233,ernst-klodwig,7,0
234,ernst-loof,7,0
235,erwin-bauer,7,0
236,chico-landi,8,0
237,johnny-mantz,2,0
237,walt-faulkner,2,0
238,gene-hartley,2,0
238,paul-russo,2,0
239,jackie-holmes,2,0
240,georges-berger,4,0
241,fred-agabashian,2,0
242,karl-gunther-bechem,7,0
243,ernie-mccoy,2,0
244,hans-herrmann,7,0
245,hans-stuck,"7,9",0
246,marshall-teague,2,0
247,theo-fitzau,7,0
248,bill-vukovich,2,0
249,lance-macklin,"3-6,8-9",0
249,peter-collins,3-6,0
249,paul-frere,"4,8",0
249,yves-giraud-cabantous,"5,9",0
249,duncan-hamilton,6,0
249,jack-fairman,6,0
249,albert-scherrer,8,0
249,john-fitch,9,0
250,jack-mcgrath,2,0
251,chuck-stevenson,2,0
252,chuck-stevenson,2,0
252,gene-hartley,2,0
252,tony-bettenhausen,2,0
253,jimmy-bryan,2,0
254,andy-linden,2,0
254,jerry-hoyt,2,0
255,bob-scott,2,0
256,johnnie-parsons,2,0
257,ken-wharton,"3,5-6,8-9",0
258,bob-scott,2,0
258,carl-scarborough,2,0
259,mike-nazaruk,2,0
260,duke-nalon,2,0
261,louis-chiron,"5-6,8-9",0
262,andy-linden,2,0
262,duke-dinsmore,2,0
262,rodger-ward,2,0
263,cal-niday,2,0
264,duane-carter,2,0
265,felice-bonetto,"1,3,5-9",0
265,jose-froilan-gonzalez,"1,3-6",0
265,juan-manuel-fangio,"1,3-9",0
265,oscar-alfredo-galvez,1,0
265,johnny-claes,4,0
265,onofre-marimon,4-9,0
265,hermann-lang,8,0
265,luigi-musso,9,0
265,sergio-mantovani,9,0
266,elie-bayol,9,0
267,oswald-karch,7,0
268,bill-holland,2,0
269,jimmy-davies,2,0
270,pat-flaherty,2,0
271,manny-ayulo,2,0
272,bill-holland,2,0
273,art-cross,2,0
274,edgar-barth,7,0
275,alan-brown,6,0
276,rodney-nuckey,7,0
277,andy-linden,2,0
278,tony-rolt,6,0
279,alberto-ascari,"1,3-9",0
279,luigi-villoresi,"1,3-9",0
279,mike-hawthorn,"1,3-9",0
279,nino-farina,"1,3-9",0
279,piero-carini,9,0
279,umberto-maglioli,9,0
280,chico-landi,9,0
280,birabongse-bhanudej,9,0
281,cal-niday,2,0
282,theo-helfrich,7,0
283,duke-dinsmore,2,0
284,tony-crook,6,0
285,willi-heeks,7,0
286,eddie-johnson,2,0
287,wolfgang-seidel,7,0
288,danny-kladis,2,0
288,spider-webb,2,0
289,jim-rathmann,2,0
290,art-cross,2,0
291,bill-whitehouse,5,0
292,don-freeland,2,0
293,bob-gerard,5,0
294,bill-homeier,2,0
295,jerry-hoyt,2,0
295,jimmy-daywalt,2,0
296,hans-herrmann,"4,6-9",0
296,juan-manuel-fangio,4-9,0
296,karl-kling,4-9,0
296,hermann-lang,6,0
297,jimmy-bryan,2,0
298,eddie-johnson,2,0
298,rodger-ward,2,0
299,leslie-thorne,5,0
300,jacques-swaters,"3,7,9",0
301,eric-brandon,5,0
301,rodney-nuckey,5,0
302,louis-rosier,"1,4-6",0
302,maurice-trintignant,1,0
302,robert-manzon,"4-6,8-9",0
303,louis-rosier,9,0
304,george-fonder,2,0
305,andy-linden,2,0
305,art-cross,2,0
305,jim-rathmann,2,0
305,jimmy-davies,2,0
305,johnnie-parsons,2,0
305,pat-flaherty,2,0
305,sam-hanks,2,0
306,emmanuel-de-graffenried,"1,9",0
306,ottorino-volonterio,9,0
307,jimmy-reece,2,0
308,elie-bayol,1,0
308,jean-behra,"1,3-9",0
308,roger-loyer,1,0
308,andre-pilette,"3,5-6",0
308,paul-frere,"3-4,6",0
308,jacques-pollet,"4,9",0
308,clemar-bucci,5-8,0
308,fred-wacker,7-8,0
309,stirling-moss,"3,5-6",0
310,duane-carter,2,0
310,jimmy-jackson,2,0
310,marshall-teague,2,0
310,tony-bettenhausen,2,0
310,troy-ruttman,2,0
311,larry-crockett,2,0
311,paul-russo,2,0
312,bob-sweikert,2,0
313,georges-berger,4,0
314,roy-salvadori,4-5,0
315,giovanni-de-riu,8,0
316,horace-gould,5,0
317,andy-linden,2,0
317,jimmy-daywalt,2,0
317,johnny-thomson,2,0
318,bob-scott,2,0
318,ed-elisian,2,0
319,theo-helfrich,6,0
320,pat-flaherty,2,0
321,harry-schell,"1,4-6,9",0
322,marshall-teague,2,0
323,bill-vukovich,2,0
324,lance-macklin,4,0
325,jack-mcgrath,2,0
326,chuck-stevenson,2,0
326,walt-faulkner,2,0
327,cal-niday,2,0
328,gene-hartley,2,0
328,marshall-teague,2,0
329,jorge-daponte,"1,8",0
330,mike-nazaruk,2,0
331,leslie-marr,5,0
332,pat-oconnor,2,0
333,tony-bettenhausen,2,0
334,fred-agabashian,2,0
335,jerry-hoyt,2,0
336,juan-manuel-fangio,"1,3",0
336,luigi-musso,"1,8-9",0
336,onofre-marimon,"1,3-6",0
336,birabongse-bhanudej,1,0
336,sergio-mantovani,"3-4,6-9",0
336,alberto-ascari,4-5,0
336,luigi-villoresi,"4-6,8",0
336,harry-schell,7,0
336,roberto-mieres,7-9,0
336,stirling-moss,7-9,0
336,louis-rosier,8,0
336,paco-godia,9,0
337,carlos-menditeguy,1,0
338,ken-wharton,"4-7,9",0
339,jimmy-davies,2,0
340,manny-ayulo,2,0
340,walt-faulkner,2,0
341,peter-whitehead,5,0
342,birabongse-bhanudej,"3-6,9",0
342,ron-flockhart,5,0
343,ernie-mccoy,2,0
344,george-fonder,2,0
344,len-duncan,2,0
345,alan-brown,5,0
346,roberto-mieres,"1,3-6",0
347,john-riseley-prichard,5,0
348,johnnie-parsons,2,0
349,reg-parnell,5,0
350,jose-froilan-gonzalez,"1,3-8",0
350,mike-hawthorn,"1,3-9",0
350,nino-farina,"1,3",0
350,umberto-maglioli,"1,7-8",0
350,maurice-trintignant,3-9,0
350,piero-taruffi,6,0
350,robert-manzon,7,0
350,alberto-ascari,8,0
351,alberto-ascari,9,0
351,luigi-villoresi,9,0
352,pat-flaherty,2,0
353,don-beauman,5,0
354,peter-collins,"5,8-9",0
355,andy-linden,2,0
355,bob-scott,2,0
356,frank-armi,2,0
356,george-fonder,2,0
357,jerry-hoyt,2,0
357,paul-russo,2,0
358,jimmy-bryan,3,0
359,alberto-uria,1,0
360,don-freeland,3,0
361,johnnie-parsons,3,0
362,sam-hanks,3,0
363,jimmy-daywalt,3,0
363,johnny-boyd,3,0
364,jack-fairman,6,0
364,kenneth-mcalpine,6,0
365,jack-brabham,6,0
366,hans-herrmann,1-2,0
366,juan-manuel-fangio,"1-2,4-7",0
366,karl-kling,"1,4-7",0
366,stirling-moss,"1-2,4-7",0
366,andre-simon,2,0
366,piero-taruffi,6-7,0
367,eddie-russo,3,0
368,louis-rosier,"2,4-5",0
369,jimmy-reece,3,0
370,ted-whiteaway,2,0
371,elie-bayol,1-2,0
371,jesus-iglesias,1,0
371,pablo-birger,1,0
371,jacques-pollet,"2,5,7",0
371,robert-manzon,"2,5-6",0
371,hermano-da-silva-ramos,5-7,0
371,mike-sparken,6,0
371,jean-lucas,7,0
372,johnny-claes,5,0
373,rodger-ward,3,0
374,chuck-weyant,3,0
374,fred-agabashian,3,0
375,roy-salvadori,6,0
376,horace-gould,5-6,0
377,paul-russo,3,0
377,tony-bettenhausen,3,0
378,pat-flaherty,3,0
379,jack-mcgrath,3,0
380,duane-carter,3,0
381,jerry-hoyt,3,0
382,keith-andrews,3,0
383,bob-sweikert,3,0
384,andy-linden,3,0
385,eddie-johnson,3,0
386,leslie-marr,6,0
387,bill-vukovich,3,0
388,ed-elisian,3,0
389,bill-homeier,3,0
389,walt-faulkner,3,0
390,art-cross,3,0
391,carlos-menditeguy,"1,7",0
391,clemar-bucci,1,0
391,harry-schell,1,0
391,jean-behra,"1-2,4-7",0
391,luigi-musso,"1-2,4-7",0
391,roberto-mieres,"1-2,4-7",0
391,sergio-mantovani,1,0
391,cesare-perdisa,"2,4",0
391,andre-simon,6,0
391,horace-gould,7,0
391,peter-collins,7,0
392,peter-collins,6,0
393,jimmy-davies,3,0
394,shorty-templeman,3,0
395,johnny-thomson,3,0
396,cal-niday,3,0
397,ray-crawford,3,0
398,pat-oconnor,3,0
399,peter-walker,6,0
399,tony-rolt,6,0
400,al-keller,3,0
401,jose-froilan-gonzalez,1,0
401,maurice-trintignant,"1-2,4-7",0
401,nino-farina,"1-2,4",0
401,umberto-maglioli,"1,7",0
401,harry-schell,"2,4",0
401,paul-frere,"2,4",0
401,piero-taruffi,"2,4",0
401,eugenio-castellotti,5-7,0
401,mike-hawthorn,5-7,0
402,nino-farina,7,0
403,alberto-ascari,1-2,0
403,eugenio-castellotti,"1-2,4",0
403,luigi-villoresi,"1-2,7",0
403,louis-chiron,2,0
404,luigi-piotti,7,0
405,jim-rathmann,3,0
406,lance-macklin,"2,6",0
406,johnny-claes,4,0
406,peter-walker,5,0
406,john-fitch,7,0
407,al-herman,3,0
408,mike-hawthorn,"2,4",0
408,harry-schell,6-7,0
408,ken-wharton,6-7,0
409,alberto-uria,1,0
409,oscar-gonzalez,1,0
410,andre-simon,5,0
411,pat-oconnor,3,0
412,maurice-trintignant,5,0
413,don-freeland,3,0
414,bob-gerard,6,0
415,bruce-halford,6-8,0
416,johnnie-tolan,3,0
417,sam-hanks,3,0
418,jimmy-daywalt,3,0
419,desmond-titterington,6,0
419,archie-scott-brown,6,0
419,jack-fairman,"6,8",0
419,les-leston,8,0
419,ron-flockhart,8,0
420,jimmy-bryan,3,0
421,keith-andrews,3,0
422,louis-rosier,"2,4-7",0
423,rodger-ward,3,0
424,paul-emery,6,0
425,andre-pilette,"2,5,7",0
425,elie-bayol,2,0
425,hermano-da-silva-ramos,"2,5-6,8",0
425,robert-manzon,"2,5-8",0
425,andre-milhoux,7,0
425,andre-simon,8,0
426,billy-garrett,3,0
427,jack-turner,3,0
428,bob-veith,3,0
428,fred-agabashian,3,0
429,ed-elisian,3,0
429,eddie-russo,3,0
430,johnny-boyd,3,0
431,roy-salvadori,6-8,0
432,giorgio-scarlatti,2,0
433,horace-gould,"2,4,6-7",0
434,andy-linden,3,0
435,al-keller,3,0
436,bob-christie,3,0
437,jack-brabham,6,0
438,johnnie-parsons,3,0
439,cliff-griffith,3,0
440,troy-ruttman,3,0
441,pat-flaherty,3,0
442,jimmy-reece,3,0
443,dick-rathmann,3,0
444,jim-rathmann,3,0
445,luigi-villoresi,5-7,0
445,luigi-piotti,7-8,0
446,tony-bettenhausen,3,0
447,paul-russo,3,0
448,carlos-menditeguy,1,0
448,chico-landi,1,0
448,gerino-gerini,1,0
448,jean-behra,"1-2,4-8",0
448,jose-froilan-gonzalez,1,0
448,luigi-piotti,1,0
448,stirling-moss,"1-2,4-8",0
448,cesare-perdisa,"2,4-7",0
448,mike-hawthorn,4,0
448,paco-godia,4-8,0
448,piero-taruffi,5,0
448,umberto-maglioli,7-8,0
448,jo-bonnier,8,0
448,luigi-villoresi,8,0
449,ottorino-volonterio,7,0
450,mike-hawthorn,1,0
451,mike-hawthorn,"2,6",0
451,tony-brooks,"2,6",0
451,ron-flockhart,6,0
452,al-herman,3,0
453,eddie-johnson,3,0
453,gene-hartley,3,0
454,johnny-thomson,3,0
455,piero-scotti,4,0
456,bob-sweikert,3,0
457,ray-crawford,3,0
458,al-keller,3,0
459,louis-chiron,2,0
459,luigi-villoresi,4-7,0
459,harry-schell,7,0
459,emmanuel-de-graffenried,8,0
460,giorgio-scarlatti,7,0
461,eugenio-castellotti,"1-2,4-8",0
461,juan-manuel-fangio,"1-2,4-8",0
461,luigi-musso,"1-2,7-8",0
461,olivier-gendebien,"1,5",0
461,peter-collins,"1-2,4-8",0
461,andre-pilette,4,0
461,paul-frere,4,0
461,alfonso-de-portago,5-8,0
461,wolfgang-von-trips,8,0
462,umberto-maglioli,6,0
462,gerino-gerini,8,0
463,duke-dinsmore,3,0
464,harry-schell,"2,4-6,8",0
464,maurice-trintignant,"2,4,6,8",0
464,colin-chapman,5,0
464,mike-hawthorn,5,0
464,jose-froilan-gonzalez,6,0
464,piero-taruffi,8,0
465,jimmy-bryan,3,0
466,don-freeland,3,0
467,bob-veith,3,0
468,bob-gerard,5,0
469,bruce-halford,6-8,0
470,bob-christie,3,0
471,johnnie-parsons,3,0
471,marshall-teague,3,0
471,pat-oconnor,3,0
472,ivor-bueb,2,0
472,stuart-lewis-evans,2,0
473,jack-brabham,"2,4,7",0
473,les-leston,2,0
473,mike-macdowel,4,0
473,roy-salvadori,5-7,0
474,dick-gibson,6,0
475,edgar-barth,6,0
475,umberto-maglioli,6,0
476,carel-godin-de-beaufort,6,0
477,elmer-george,3,0
478,paco-godia,6-8,0
479,jimmy-reece,3,0
480,eddie-russo,3,0
481,fred-agabashian,3,0
481,johnny-boyd,3,0
482,sam-hanks,3,0
483,mike-magill,3,0
484,ivor-bueb,5,0
485,eddie-johnson,3,0
486,al-herman,3,0
487,horace-gould,"2,4-8",0
488,jimmy-daywalt,3,0
489,brian-naylor,6,0
490,jo-bonnier,5,0
491,troy-ruttman,3,0
492,gene-hartley,3,0
493,bill-cheesbourg,3,0
494,andy-linden,3,0
494,ed-elisian,3,0
495,jim-rathmann,3,0
496,luigi-piotti,"1-2,7-8",0
497,johnnie-tolan,3,0
498,paul-russo,3,0
498,tony-bettenhausen,3,0
499,carlos-menditeguy,"1-2,4-5",0
499,jean-behra,"1,4-8",0
499,juan-manuel-fangio,"1-2,4-8",0
499,stirling-moss,1,0
499,giorgio-scarlatti,"2,6-8",0
499,hans-herrmann,2,0
499,harry-schell,"2,4-8",0
500,andre-simon,8,0
500,ottorino-volonterio,8,0
501,ron-flockhart,"2,4",0
501,roy-salvadori,2,0
501,herbert-mackay-fraser,4,0
501,jack-fairman,5,0
501,les-leston,5,0
502,al-keller,3,0
502,jack-turner,3,0
503,chuck-weyant,3,0
504,eddie-sachs,3,0
505,johnny-thomson,3,0
506,paul-england,6,0
506,tony-marsh,6,0
507,rodger-ward,3,0
508,don-edmunds,3,0
509,jack-brabham,5-6,0
510,alejandro-de-tomaso,1,0
511,harry-schell,1,0
511,jo-bonnier,"1,7-8",0
511,andre-simon,2,0
511,masten-gregory,"2,6-8",0
511,hans-herrmann,6,0
512,alfonso-de-portago,1,0
512,cesare-perdisa,1,0
512,eugenio-castellotti,1,0
512,jose-froilan-gonzalez,1,0
512,luigi-musso,"1,4-8",0
512,mike-hawthorn,"1-2,4-6,8",0
512,peter-collins,"1-2,4-6,8",0
512,wolfgang-von-trips,"1-2,8",0
512,maurice-trintignant,"2,4-5",0
513,stirling-moss,"2,5-8",0
513,tony-brooks,"2,5-8",0
513,roy-salvadori,4,0
513,stuart-lewis-evans,4-8,0
514,andre-guelfi,11,0
515,andre-testut,2,0
515,louis-chiron,2,0
516,bernie-ecclestone,"2,7",0
516,bruce-kessler,2,0
516,paul-emery,2,0
516,ivor-bueb,7,0
516,jack-fairman,7,0
517,don-freeland,4,0
518,dempsey-wilson,4,0
519,tom-bridger,11,0
520,tony-bettenhausen,4,0
521,pat-oconnor,4,0
522,jack-brabham,"2-3,5-11",0
522,roy-salvadori,"2-3,5-11",0
522,ian-burgess,7,0
522,bruce-mclaren,"8,11",0
522,jack-fairman,11,0
523,anthony-joseph-foyt,4,0
524,dick-gibson,8,0
525,edgar-barth,8,0
526,ivor-bueb,8,0
527,christian-goethals,8,0
528,carel-godin-de-beaufort,"3,8",0
529,ed-elisian,4,0
530,bob-christie,4,0
531,paco-godia,"1-2,5-6",0
532,johnnie-parsons,4,0
533,jimmy-bryan,4,0
534,mike-magill,4,0
535,giorgio-scarlatti,2-3,0
535,jo-bonnier,6,0
536,billy-garrett,4,0
537,chuck-weyant,4,0
538,paul-goldsmith,4,0
539,horace-gould,1-3,0
539,masten-gregory,3,0
540,art-bisch,4,0
541,ian-burgess,8,0
542,brian-naylor,8,0
543,len-sutton,4,0
544,harry-schell,1,0
544,jo-bonnier,"2-3,5,7,9",0
544,phil-hill,6,0
544,giulio-cabianca,10,0
544,hans-herrmann,10-11,0
545,jimmy-reece,4,0
545,jud-larson,4,0
546,jack-turner,4,0
547,eddie-johnson,4,0
548,juan-manuel-fangio,6,0
549,shorty-templeman,4,0
550,dick-rathmann,4,0
551,jean-behra,1,0
551,ken-kavanagh,"2,5",0
551,luigi-taramazzo,2,0
552,jim-rathmann,4,0
553,johnnie-tolan,4,0
554,maria-teresa-de-filippis,"2,5,10",0
555,george-amick,4,0
556,bill-cheesbourg,4,0
556,paul-russo,4,0
557,giulio-cabianca,2,0
557,luigi-piotti,2,0
558,jean-behra,"2-3,5-11",0
558,harry-schell,"2-3,5-11",0
558,maurice-trintignant,6,0
558,jo-bonnier,10-11,0
558,ron-flockhart,11,0
559,al-keller,4,0
560,eddie-sachs,4,0
561,johnny-thomson,4,0
562,robert-la-caze,11,0
563,bob-veith,4,0
563,johnny-boyd,4,0
564,rodger-ward,4,0
565,jerry-unser-jr,4,0
566,stirling-moss,1,0
566,maurice-trintignant,"2-3,7-11",0
566,ron-flockhart,2,0
566,francois-picard,11,0
567,gerino-gerini,"2,6-7,10-11",0
567,masten-gregory,5,0
567,maurice-trintignant,5,0
567,wolfgang-seidel,"5,11",0
567,carroll-shelby,"6-7,10",0
567,troy-ruttman,"6,8",0
567,hans-herrmann,8,0
567,jo-bonnier,8,0
567,cliff-allison,9,0
567,maria-teresa-de-filippis,9,0
568,wolfgang-seidel,8,0
569,luigi-musso,"1-3,5-6",0
569,mike-hawthorn,"1-3,5-11",0
569,peter-collins,"1-3,5-8",0
569,wolfgang-von-trips,"2,6-10",0
569,olivier-gendebien,"5,10-11",0
569,phil-hill,"8,10-11",0
570,carlos-menditeguy,1,0
570,juan-manuel-fangio,1,0
571,cliff-allison,"2-3,5-8,10-11",0
571,graham-hill,"2-3,5-11",0
571,alan-stacey,7,0
572,carroll-shelby,"9,10",0
572,masten-gregory,10-11,0
573,tony-marsh,8,0
574,stirling-moss,"2-3,5-11",0
574,stuart-lewis-evans,"2-3,5-7,9-11",0
574,tony-brooks,"2-3,5-11",0
575,trevor-taylor,5,0
576,anthony-joseph-foyt,2,0
577,mike-taylor,5,0
577,peter-ashdown,5,0
578,johnny-boyd,2,0
579,jud-larson,2,0
580,harry-blanchard,9,0
581,don-branson,2,0
582,ivor-bueb,1,0
583,stirling-moss,4-5,0
583,hans-herrmann,6,0
584,chris-bristow,5,0
584,ivor-bueb,5,0
585,fritz-dorey,9,0
586,bobby-grim,2,0
587,bob-said,9,0
588,bruce-mclaren,"1,4-9",0
588,giorgio-scarlatti,8,0
588,jack-brabham,"1,3-9",0
588,masten-gregory,"1,3-7",0
589,carroll-shelby,"3,5,7-8",0
589,roy-salvadori,"3,5,7-8",0
590,mike-parkes,5,0
591,dennis-taylor,5,0
592,david-piper,5,0
593,maria-teresa-de-filippis,1,0
594,wolfgang-von-trips,"1,6",0
595,harry-schell,9,0
596,carel-godin-de-beaufort,3,0
597,alain-de-changy,1,0
597,lucien-bianchi,1,0
598,jack-turner,2,0
599,bob-christie,2,0
599,jimmy-daywalt,2,0
600,paul-russo,2,0
601,jimmy-bryan,2,0
602,mike-magill,2,0
603,keith-greene,5,0
604,al-herman,2,0
605,al-keller,2,0
606,roy-salvadori,"1,4,9",0
606,jack-fairman,8,0
607,jack-fairman,5,0
608,brian-naylor,5,0
609,jean-behra,6,0
610,jean-lucienbonnet,1,0
611,don-freeland,2,0
612,bruce-halford,1,0
613,tony-bettenhausen,2,0
614,bob-veith,2,0
615,pat-flaherty,2,0
616,eddie-johnson,2,0
617,dick-rathmann,2,0
618,chuck-arnold,2,0
619,rodger-ward,2,0
620,rodger-ward,9,0
621,red-amick,2,0
622,jim-rathmann,2,0
623,bill-cheesbourg,2,0
624,andre-testut,1,0
625,paul-goldsmith,2,0
626,alejandro-de-tomaso,9,0
627,giulio-cabianca,8,0
628,harry-schell,"1,3-8",0
628,jo-bonnier,"1,3-8",0
628,ron-flockhart,"1,4-5,7-8",0
629,eddie-sachs,2,0
630,phil-cade,9,0
631,johnny-thomson,2,0
632,ray-crawford,2,0
633,jim-mcwithey,2,0
634,henry-taylor,5,0
634,tim-parnell,5,0
635,chuck-weyant,2,0
636,maurice-trintignant,"1,3-9",0
636,stirling-moss,"1,3,6-9",0
637,gene-hartley,2,0
638,colin-davis,"4,8",0
638,ian-burgess,"4-6,8",0
638,hans-herrmann,5,0
638,mario-de-araujo-cabral,7,0
639,asdrubal-fontes-bayardo,4,0
639,fritz-dorey,4-5,0
640,cliff-allison,"1,3,6,8-9",0
640,jean-behra,"1,3-4",0
640,phil-hill,"1,3-4,6-9",0
640,tony-brooks,"1,3-4,6-9",0
640,dan-gurney,"4,6-8",0
640,olivier-gendebien,"4,8",0
640,wolfgang-von-trips,9,0
641,giorgio-scarlatti,"1,4",0
641,carel-godin-de-beaufort,4,0
642,george-constantine,9,0
643,graham-hill,"1,3-8",0
643,pete-lovely,1,0
643,innes-ireland,"3-4,6-9",0
643,alan-stacey,"5,9",0
644,bill-moss,5,0
645,tony-brooks,5,0
646,len-sutton,2,0
647,duane-carter,2,0
648,wayne-weiler,3,0
649,antonio-creus,1,0
650,arthur-owen,9,0
651,johnny-boyd,3,0
652,anthony-joseph-foyt,3,0
653,don-branson,3,0
654,eddie-russo,3,0
655,jack-fairman,7,0
656,masten-gregory,1,0
656,fred-gamble,9,0
657,gene-hartley,3,0
658,bruce-mclaren,"1-2,4-8,10",0
658,jack-brabham,"1-2,4-8,10",0
658,chuck-daigh,7,0
658,ron-flockhart,10,0
659,roy-salvadori,"4,7",0
659,maurice-trintignant,7,0
660,eddie-sachs,3,0
661,harry-schell,1,0
662,carel-godin-de-beaufort,4,0
663,lucien-bianchi,5,0
664,vic-wilson,9,0
665,jim-hurtubise,3,0
666,ettore-chimeri,1,0
667,bob-christie,3,0
667,shorty-templeman,3,0
668,pete-lovely,10,0
669,bruce-halford,2,0
669,lucien-bianchi,6-7,0
670,jimmy-bryan,3,0
671,keith-greene,7,0
672,gino-munaron,1,0
673,giorgio-scarlatti,1,0
674,horace-gould,9,0
675,roy-salvadori,"2,10",0
676,jim-mcwithey,3,0
677,duane-carter,3,0
678,brian-naylor,"2,7,9-10",0
679,lloyd-ruby,3,0
680,jim-hall,10,0
681,bud-tingelstad,3,0
681,eddie-johnson,3,0
682,dick-rathmann,3,0
683,al-herman,3,0
684,dempsey-wilson,3,0
684,don-freeland,3,0
685,bob-drake,10,0
686,troy-ruttman,3,0
687,dempsey-wilson,3,0
688,jim-rathmann,3,0
689,chuck-stevenson,3,0
689,rodger-ward,3,0
690,red-amick,3,0
691,tony-bettenhausen,3,0
692,nasif-estefano,1,0
693,paul-goldsmith,3,0
694,bill-homeier,3,0
695,graham-hill,"1-2,4-8,10",0
695,jo-bonnier,"1-2,4-8,10",0
695,dan-gurney,"2,4-8,10",0
696,len-sutton,3,0
697,bob-veith,3,0
698,edgar-barth,9,0
698,hans-herrmann,9,0
699,johnny-thomson,3,0
700,chuck-daigh,"2,4-6,10",0
700,lance-reventlow,"2,4-5",0
700,richie-ginther,6,0
701,david-piper,6-7,0
702,gene-force,3,0
703,maurice-trintignant,1,0
703,stirling-moss,1,0
703,lance-reventlow,7,0
704,stirling-moss,"2,4-5,8,10",0
705,carlos-menditeguy,1,0
705,roberto-bonomi,1,0
705,ian-burgess,"2,6-7,10",0
705,masten-gregory,"2,4,6-8",0
705,maurice-trintignant,"2,4,6,10",0
705,mario-de-araujo-cabral,8,0
705,alfonso-thiele,9,0
705,wolfgang-von-trips,10,0
706,piero-drogo,9,0
707,gino-munaron,"2,6-7,9",0
707,giorgio-scarlatti,"2,9",0
707,giulio-cabianca,9,0
708,cliff-allison,1-2,0
708,jose-froilan-gonzalez,1,0
708,phil-hill,"1-2,4-9",0
708,wolfgang-von-trips,"1-2,4-9",0
708,richie-ginther,"2,4,9",0
708,willy-mairesse,"5-6,9",0
709,mike-taylor,5,0
710,alan-stacey,"1-2,4-5",0
710,alberto-rodriguez-larreta,1,0
710,innes-ireland,"1-2,4-8,10",0
710,john-surtees,"2,7-8,10",0
710,jim-clark,"4-8,10",0
710,ron-flockhart,6,0
711,tony-brooks,6,0
712,bobby-grim,3,0
713,wolfgang-seidel,9,0
714,chris-bristow,"2,4-5",0
714,tony-brooks,"2,4-5,7-8,10",0
714,henry-taylor,"4,6-8,10",0
714,olivier-gendebien,"5-8,10",0
714,bruce-halford,6,0
714,phil-hill,10,0
715,bernard-collomb,"4,6",0
716,masten-gregory,1-5,0
716,ian-burgess,6,0
717,ian-burgess,2-5,0
718,bruce-mclaren,1-8,0
718,jack-brabham,1-8,0
719,carel-godin-de-beaufort,2-7,0
719,hans-herrmann,2,0
720,lucien-bianchi,1,0
720,olivier-gendebien,1,0
721,lucien-bianchi,3,0
721,willy-mairesse,3,0
722,andre-pilette,7,0
723,giancarlo-baghetti,4,0
724,hap-sharp,8,0
724,jack-fairman,7,0
725,gaetano-starrabba,7,0
726,gerry-ashmore,5-7,0
727,keith-greene,5,0
728,hap-sharp,8,0
729,jackie-lewis,3-7,0
730,roberto-bussinello,7,0
731,lloyd-ruby,8,0
732,peter-ryan,8,0
733,brian-naylor,7,0
734,jim-hall,8,0
735,roger-penske,8,0
736,tony-maggs,5-6,0
737,walt-hansgen,8,0
738,graham-hill,1-8,0
738,tony-brooks,1-8,0
739,renato-pirocchi,7,0
740,dan-gurney,1-8,0
740,hans-herrmann,"1,6",0
740,jo-bonnier,1-8,0
741,stirling-moss,1-8,0
742,jack-fairman,5,0
742,stirling-moss,5,0
743,lorenzo-bandini,"3,5-7",0
743,massimo-natili,"5,7",0
744,michael-may,"1,4,6",0
744,wolfgang-seidel,3-7,0
745,phil-hill,1-7,0
745,richie-ginther,1-7,0
745,wolfgang-von-trips,1-7,0
745,olivier-gendebien,3,0
745,willy-mairesse,6,0
745,ricardo-rodriguez,7,0
746,giancarlo-baghetti,"5,7",0
747,maurice-trintignant,"1,3-4,6-7",0
748,giorgio-scarlatti,4,0
749,nino-vaccarella,7,0
750,roberto-lippi,7,0
751,innes-ireland,"1,3-8",0
751,jim-clark,1-8,0
751,trevor-taylor,2,0
751,willy-mairesse,4,0
752,tim-parnell,"5,7",0
753,tony-marsh,"3,5-6",0
754,cliff-allison,"1,3",0
754,henry-taylor,"1,3-5,7",0
754,juan-manuel-bordeu,4,0
754,lucien-bianchi,4-5,0
754,masten-gregory,7-8,0
754,olivier-gendebien,8,0
755,john-surtees,1-8,0
755,roy-salvadori,4-8,0
756,ian-burgess,5-7,0
757,dan-gurney,3,0
757,wolfgang-seidel,5-6,0
757,gunther-seiffert,6,0
757,tony-shelly,7,0
758,bernard-collomb,6,0
759,john-surtees,1-9,0
759,roy-salvadori,"1-2,4-9",0
760,jack-brabham,1-5,0
761,jack-brabham,"6,8-9",0
762,bruce-mclaren,1-9,0
762,tony-maggs,1-9,0
762,timmy-mayer,8,0
763,roger-penske,8,0
764,jay-chamberlain,5-7,0
765,jo-siffert,"3,6",0
766,jo-siffert,"4,7",0
766,heinz-schiller,6,0
767,heini-walter,6,0
768,jackie-lewis,"1,4-6",0
769,jackie-lewis,2,0
770,wolfgang-seidel,1,0
771,ben-pon,1,0
771,carel-godin-de-beaufort,1-9,0
772,jo-siffert,2,0
773,john-campbell-jones,3,0
774,tony-settember,"5,7",0
775,lucien-bianchi,3,0
776,lucien-bianchi,6,0
777,ernie-pieterse,9,0
778,gerry-ashmore,7,0
779,keith-greene,6-7,0
780,hap-sharp,8,0
781,jim-hall,8,0
782,tony-shelly,5-6,0
783,john-love,9,0
784,rob-schroeder,8,0
785,mike-harris,9,0
786,neville-lederle,9,0
787,doug-serrurier,9,0
788,graham-hill,1-9,0
788,richie-ginther,1-9,0
788,bruce-johnstone,9,0
789,jo-bonnier,"1-2,4-8",0
789,dan-gurney,"1-2,4-8",0
789,phil-hill,8,0
790,maurice-trintignant,"2-4,6-8",0
791,nasif-estefano,7,0
792,giancarlo-baghetti,"1,3,6-7",0
792,phil-hill,"1-3,5-7",0
792,ricardo-rodriguez,"1-3,6-7",0
792,lorenzo-bandini,"2,6-7",0
792,willy-mairesse,"2-3,7",0
793,ernesto-prinoth,7,0
794,roberto-lippi,7,0
795,nino-vaccarella,"2,7",0
796,nino-vaccarella,6,0
797,jim-clark,1-9,0
797,trevor-taylor,1-9,0
798,innes-ireland,"1-5,7-9",0
798,masten-gregory,"1,5",0
799,masten-gregory,"2-4,7-8",0
800,andre-pilette,7,0
801,giancarlo-baghetti,"2-3,7-9",0
801,phil-hill,"2-3,7-9",0
802,bernard-collomb,"1,6",0
803,dan-gurney,1-10,0
803,jack-brabham,2-10,0
804,jack-brabham,1,0
805,innes-ireland,"1,6",0
805,jim-hall,1-9,0
806,innes-ireland,"2-5,7",0
807,peter-broeker,8,0
808,bruce-mclaren,1-10,0
808,tony-maggs,1-10,0
809,david-prophet,10,0
810,bob-anderson,"5,7",0
811,phil-hill,4,0
812,carel-godin-de-beaufort,"2-3,5-10",0
812,gerhard-mitter,"3,6",0
813,frank-dochnal,9,0
814,ian-raby,5-7,0
815,john-love,10,0
816,kurt-kuhnke,6,0
817,ernie-pieterse,10,0
818,peter-de-klerk,10,0
819,doug-serrurier,10,0
820,graham-hill,1-10,0
820,richie-ginther,1-10,0
821,chris-amon,1-7,0
821,maurice-trintignant,1,0
821,lucien-bianchi,2,0
821,mike-hailwood,7,0
821,masten-gregory,8-9,0
822,maurice-trintignant,4,0
822,mike-hailwood,5,0
823,masten-gregory,5,0
823,hap-sharp,8-9,0
823,rodger-ward,8,0
823,chris-amon,9,0
824,jo-bonnier,1-10,0
825,sam-tingle,10,0
826,tony-settember,"2,4-7",0
826,ian-burgess,5-6,0
827,lorenzo-bandini,4-6,0
827,maurice-trintignant,7,0
827,moises-solana,9,0
828,mario-de-araujo-cabral,6-7,0
829,ernesto-brambilla,7,0
830,john-surtees,1-10,0
830,willy-mairesse,"1-2,6",0
830,ludovico-scarfiotti,3-4,0
830,lorenzo-bandini,7-10,0
831,trevor-blokdyk,10,0
832,roberto-lippi,7,0
833,paddy-driver,10,0
834,jo-siffert,1-9,0
835,jim-clark,1-10,0
835,trevor-taylor,"1-6,8-10",0
835,peter-arundell,4,0
835,mike-spence,7,0
835,pedro-rodriguez,8-9,0
836,brausch-niemann,10,0
837,masten-gregory,"4,7",0
838,john-campbell-jones,5,0
839,andre-pilette,6,0
839,tim-parnell,6,0
840,bernard-collomb,1,0
841,john-taylor,5,0
842,dan-gurney,1-10,0
842,jack-brabham,1-10,0
843,innes-ireland,1,0
843,trevor-taylor,5,0
844,trevor-taylor,"1,3-4,7-10",0
844,innes-ireland,"3-5,7-10",0
845,bruce-mclaren,1-10,0
845,phil-hill,"1-7,9-10",0
845,john-love,8,0
846,mario-de-araujo-cabral,8,0
847,bob-anderson,1-8,0
848,carel-godin-de-beaufort,"2,6",0
849,andre-pilette,"3,6",0
850,jean-claude-rudaz,8,0
851,ronnie-bucknum,"6,8-9",0
852,ian-raby,"5,8",0
853,frank-gardner,5,0
854,maurice-trintignant,"1,4-6,8",0
855,graham-hill,1-10,0
855,richie-ginther,1-10,0
855,richard-attwood,5,0
856,john-surtees,9-10,0
856,lorenzo-bandini,9-10,0
856,pedro-rodriguez,10,0
857,chris-amon,"1-6,9-10",0
857,mike-hailwood,"1-2,4-10",0
857,peter-revson,3-5,0
858,chris-amon,7,0
859,peter-revson,"1,6,8",0
860,jo-bonnier,1,0
860,edgar-barth,6,0
861,jo-bonnier,"2-3,5-6",0
861,jo-siffert,9-10,0
861,jochen-rindt,7,0
861,giacomo-russo,8,0
861,hap-sharp,9-10,0
862,jo-bonnier,7-10,0
863,giancarlo-baghetti,"2-3,5-8",0
863,tony-maggs,"2-3,5-7",0
864,john-surtees,1-8,0
864,lorenzo-bandini,1-8,0
864,ludovico-scarfiotti,8,0
865,jo-siffert,1,0
866,jo-bonnier,"2-3,5-6",0
866,jo-siffert,2-8,0
867,jim-clark,1-10,0
867,peter-arundell,1-4,0
867,mike-spence,5-10,0
867,gerhard-mitter,6,0
867,walt-hansgen,9,0
867,moises-solana,10,0
868,john-rhodes,5,0
869,alan-rollinson,5,0
870,dan-gurney,"1,3-10",0
870,jack-brabham,"1-3,5,7,9-10",0
870,denny-hulme,"2,4-8",0
870,giancarlo-baghetti,8,0
871,brian-gubby,5,0
872,clive-puzey,1,0
873,bruce-mclaren,1-10,0
873,jochen-rindt,1-10,0
874,david-prophet,1,0
875,bob-anderson,1-7,0
876,paul-hawkins,"2,7",0
877,dave-charlton,1,0
878,richie-ginther,"2-6,8-10",0
878,ronnie-bucknum,"2-4,8-10",0
879,chris-amon,5,0
879,ian-raby,"5,7",0
880,jackie-pretorius,1,0
881,john-love,1,0
882,frank-gardner,"1-3,5-8",0
883,paul-hawkins,1,0
884,ernie-pieterse,1,0
885,bob-bondurant,9,0
885,pedro-rodriguez,9-10,0
886,peter-de-klerk,1,0
887,doug-serrurier,1,0
888,graham-hill,1-10,0
888,jackie-stewart,1-10,0
889,tony-maggs,1,0
889,mike-hailwood,2,0
889,richard-attwood,"2-3,5-10",0
889,innes-ireland,"3-6,8-10",0
889,chris-amon,"4,7",0
889,bob-bondurant,10,0
890,jo-siffert,1-10,0
891,jo-bonnier,1-10,0
892,sam-tingle,1,0
893,lucien-bianchi,3,0
893,masten-gregory,"3,5,7-8",0
893,willy-mairesse,3,0
893,roberto-bussinello,7-8,0
893,giorgio-bassi,8,0
894,john-surtees,1-8,0
894,lorenzo-bandini,1-10,0
894,nino-vaccarella,8,0
894,ludovico-scarfiotti,10,0
895,neville-lederle,1,0
896,jim-clark,"1,3-10",0
896,mike-spence,"1,3-10",0
896,gerhard-mitter,7,0
896,giacomo-russo,8,0
896,moises-solana,9-10,0
897,brausch-niemann,1,0
898,trevor-blokdyk,1,0
899,dan-gurney,"2-6,9",0
899,phil-hill,7,0
899,bob-bondurant,8,0
900,dan-gurney,7-8,0
900,bob-bondurant,9,0
901,jo-bonnier,"1-2,5-9",0
902,jo-bonnier,3-4,0
903,innes-ireland,8-9,0
904,denny-hulme,1-2,0
904,chris-irwin,4,0
905,jack-brabham,1-9,0
905,denny-hulme,3-9,0
906,bruce-mclaren,"1,8-9",0
907,bruce-mclaren,"2,4-5",0
908,kurt-ahrens-jr,6,0
909,chris-amon,7,0
910,jochen-rindt,1-9,0
910,richie-ginther,1-2,0
910,chris-amon,3,0
910,john-surtees,3-9,0
910,moises-solana,9,0
911,john-taylor,3-6,0
912,bob-anderson,"1,3-7",0
913,guy-ligier,1-6,0
914,richie-ginther,7-9,0
914,ronnie-bucknum,8-9,0
915,chris-lawrence,"4,6",0
916,jean-pierre-beltoise,6,0
916,jo-schlesser,6,0
917,graham-hill,1-9,0
917,jackie-stewart,"1-2,4-9",0
918,phil-hill,1,0
919,phil-hill,2,0
920,mike-spence,1-9,0
921,giancarlo-baghetti,7,0
922,alan-rees,6,0
922,hans-herrmann,6,0
923,jo-siffert,1,0
924,jo-siffert,"2-5,7-9",0
925,john-surtees,1-2,0
925,lorenzo-bandini,"1-3,5-8",0
925,mike-parkes,"3,5-7",0
925,ludovico-scarfiotti,6-7,0
926,trevor-taylor,4,0
927,silvio-moser,6,0
928,bob-bondurant,"1-2,4,6-7",0
928,vic-wilson,2,0
929,jim-clark,1-6,0
929,giacomo-russo,7,0
929,pedro-rodriguez,"3,9",0
929,peter-arundell,8,0
930,peter-arundell,"2-7,9",0
930,jim-clark,7-9,0
930,pedro-rodriguez,8,0
931,gerhard-mitter,6,0
931,pedro-rodriguez,6,0
931,piers-courage,6,0
932,hubert-hahne,6,0
933,jacky-ickx,6,0
934,dan-gurney,1,0
935,dan-gurney,2-11,0
935,richie-ginther,2,0
935,bruce-mclaren,5-7,0
935,ludovico-scarfiotti,9,0
936,hubert-hahne,7,0
937,david-hobbs,"6,8",0
938,denny-hulme,1-11,0
938,jack-brabham,1-11,0
939,bruce-mclaren,"2-3,8-11",0
940,al-pease,8,0
941,silvio-moser,6,0
942,jochen-rindt,1-10,0
942,pedro-rodriguez,"1-7,11",0
942,alan-rees,6,0
942,richard-attwood,8,0
942,jacky-ickx,9-10,0
943,bob-anderson,1-6,0
944,jo-schlesser,7,0
945,gerhard-mitter,7,0
946,guy-ligier,4-5,0
947,guy-ligier,"6-7,9-11",0
948,john-surtees,"1-4,6-7,9-11",0
949,jo-bonnier,"1,4,6-11",0
950,john-love,1,0
951,david-hobbs,7,0
952,brian-redman,7,0
953,luki-botha,1,0
954,jean-pierre-beltoise,"2,10-11",0
954,johnny-servoz-gavin,2,0
955,mike-fisher,"8,11",0
956,jackie-stewart,1-11,0
956,mike-spence,1-11,0
957,piers-courage,1,0
957,chris-irwin,3,0
958,piers-courage,"2,6",0
958,chris-irwin,4-11,0
959,jo-siffert,1-11,0
960,brian-hart,7,0
960,kurt-ahrens-jr,7,0
961,alan-rees,7,0
962,sam-tingle,1,0
963,chris-amon,2-11,0
963,lorenzo-bandini,2,0
963,ludovico-scarfiotti,3-4,0
963,mike-parkes,3-4,0
963,jonathan-williams,11,0
964,dave-charlton,1,0
965,graham-hill,1-2,0
965,jim-clark,1,0
966,jim-clark,2,0
967,graham-hill,3-11,0
967,jim-clark,3-11,0
967,jackie-oliver,7,0
967,eppie-wietzes,8,0
967,giancarlo-baghetti,9,0
967,moises-solana,10-11,0
968,tom-jones,8,0
969,jacky-ickx,7,0
970,dan-gurney,"1,3,7-9",0
971,dan-gurney,10-12,0
972,hubert-hahne,8,0
973,frank-gardner,9,0
974,jack-brabham,1-12,0
974,jochen-rindt,1-12,0
974,dan-gurney,5,0
975,denny-hulme,1,0
976,bruce-mclaren,2-12,0
976,denny-hulme,2-12,0
977,kurt-ahrens-jr,8,0
978,al-pease,10,0
979,silvio-moser,"3,5,7-9",0
980,brian-redman,1,0
980,ludovico-scarfiotti,1,0
981,brian-redman,"2,4",0
981,ludovico-scarfiotti,2-3,0
981,lucien-bianchi,"3-5,8,10-12",0
981,johnny-servoz-gavin,6,0
981,vic-elford,6-12,0
981,robin-widdows,7,0
982,john-surtees,1-12,0
982,jo-schlesser,6,0
982,david-hobbs,9,0
983,jo-bonnier,1,0
984,jo-bonnier,"3-5,7,9-11",0
985,jo-bonnier,12,0
986,basil-van-rooyen,1,0
987,jackie-stewart,"1,4-12",0
987,johnny-servoz-gavin,"3,9-10,12",0
988,jean-pierre-beltoise,1-2,0
989,jean-pierre-beltoise,3-12,0
989,henri-pescarolo,10-12,0
990,pedro-rodriguez,1-12,0
990,mike-spence,1,0
990,richard-attwood,3-8,0
990,bobby-unser,"9,11",0
991,piers-courage,2-12,0
992,jo-siffert,1,0
993,jo-siffert,2-12,0
994,andrea-de-adamich,1,0
994,chris-amon,"1-2,4-12",0
994,jacky-ickx,"1-2,4-10,12",0
994,derek-bell,"9,11",0
995,dave-charlton,1,0
996,john-love,1,0
997,sam-tingle,1,0
998,graham-hill,1-12,0
998,jim-clark,1,0
998,jackie-oliver,3-12,0
998,mario-andretti,"9,11",0
998,bill-brack,10,0
998,moises-solana,12,0
999,jackie-pretorius,1,0
1000,kurt-ahrens-jr,7,0
1001,vic-elford,3,0
1002,vic-elford,4-7,0
1003,dieter-quester,7,0
1003,gerhard-mitter,7,0
1003,hubert-hahne,7,0
1004,bruce-mclaren,1-11,0
1004,denny-hulme,1-11,0
1004,derek-bell,6,0
1005,jo-bonnier,6-7,0
1006,peter-westbury,7,0
1007,piers-courage,2-11,0
1007,richard-attwood,7,0
1008,graham-hill,1-10,0
1008,mario-andretti,"1,7,10",0
1008,jochen-rindt,"1-2,4-11",0
1008,richard-attwood,3,0
1008,john-miles,"5-6,8-9,11",0
1009,peter-de-klerk,1,0
1010,al-pease,9,0
1011,jackie-stewart,1-11,0
1011,jean-pierre-beltoise,1-11,0
1011,johnny-servoz-gavin,"7,9-11",0
1012,henri-pescarolo,7,0
1013,jack-brabham,"1-4,8-11",0
1013,jacky-ickx,1-11,0
1014,pedro-rodriguez,9-11,0
1015,jackie-oliver,"1-4,6-11",0
1015,john-surtees,"1-4,6-11",0
1015,bill-brack,9,0
1015,george-eaton,10-11,0
1016,john-cordts,9,0
1017,pete-lovely,9-11,0
1018,pedro-rodriguez,1-3,0
1019,jo-siffert,1-11,0
1020,hans-herrmann,7,0
1020,rolf-stommelen,7,0
1021,chris-amon,1-6,0
1021,pedro-rodriguez,"6,8",0
1021,ernesto-brambilla,8,0
1022,silvio-moser,"3-5,8-11",0
1023,xavier-perrot,7,0
1024,sam-tingle,1,0
1025,john-love,1,0
1026,basil-van-rooyen,1,0
1027,francois-cevert,7,0
1028,ronnie-peterson,"3-8,10-12",0
1029,rolf-stommelen,1-13,0
1030,graham-hill,"1-8,10-13",0
1031,bruce-mclaren,1-3,0
1031,denny-hulme,"1-3,6-13",0
1031,dan-gurney,5-7,0
1031,peter-gethin,"5,8-13",0
1032,andrea-de-adamich,"2-3,5-12",0
1032,nanni-galli,10,0
1033,jo-bonnier,"10,12",0
1034,henri-pescarolo,1-13,0
1034,jean-pierre-beltoise,1-13,0
1035,piers-courage,1-5,0
1035,brian-redman,7-8,0
1035,tim-schenken,9-12,0
1036,alex-soler-roig,2,0
1037,jochen-rindt,1-10,0
1037,john-miles,1-10,0
1037,emerson-fittipaldi,"7-10,12-13",0
1037,reine-wisell,12-13,0
1038,gus-hutchison,12,0
1039,hubert-hahne,8,0
1040,chris-amon,1-13,0
1040,jo-siffert,1-13,0
1041,jack-brabham,1-13,0
1041,rolf-stommelen,1-13,0
1042,pete-lovely,"5-7,12",0
1043,jacky-ickx,1-13,0
1043,ignazio-giunti,"4,6,9-10",0
1043,clay-regazzoni,"5,7-13",0
1044,dave-charlton,1,0
1045,silvio-moser,"5-6,8-10",0
1046,mario-andretti,"1-2,7-9",0
1047,peter-de-klerk,1,0
1048,john-love,1,0
1049,john-surtees,"1-3,5",0
1050,john-surtees,7-13,0
1050,derek-bell,12,0
1051,derek-bell,4,0
1052,jackie-stewart,1-10,0
1052,johnny-servoz-gavin,1-3,0
1052,francois-cevert,5-13,0
1053,jackie-stewart,11-13,0
1054,alex-soler-roig,"4,6",0
1055,george-eaton,"1-3,5-7,9-12",0
1055,jackie-oliver,1-13,0
1055,pedro-rodriguez,1-13,0
1055,peter-westbury,12,0
1056,rolf-stommelen,1-10,0
1057,john-surtees,1-11,0
1058,denny-hulme,"1-8,10-11",0
1058,peter-gethin,1-7,0
1058,jackie-oliver,"6,8-9",0
1059,mike-beuttler,6-10,0
1060,jo-bonnier,"1,7-9,11",0
1060,helmut-marko,7,0
1061,chris-craft,10-11,0
1062,francois-cevert,1-11,0
1062,jackie-stewart,1-11,0
1062,peter-revson,11,0
1063,chris-amon,"1-7,9-11",0
1063,jean-pierre-beltoise,"2-6,10-11",0
1064,henri-pescarolo,1-11,0
1064,max-jean,5,0
1065,skip-barber,"3-4,10-11",0
1066,emerson-fittipaldi,"1-3,5-8,10-11",0
1066,reine-wisell,"1-5,7-8,10-11",0
1066,dave-charlton,"4,6",0
1067,david-walker,4,0
1067,reine-wisell,6,0
1068,francois-mazet,5,0
1069,silvio-moser,9,0
1070,graham-hill,1-11,0
1070,tim-schenken,2-11,0
1071,mark-donohue,10-11,0
1071,david-hobbs,11,0
1072,pete-lovely,10-11,0
1073,clay-regazzoni,1-11,0
1073,jacky-ickx,1-11,0
1073,mario-andretti,"1-4,7,10-11",0
1074,dave-charlton,1,0
1075,jean-pierre-jarier,9,0
1076,gijs-van-lennep,4,0
1077,andrea-de-adamich,"1-2,5-7,9,11",0
1077,nanni-galli,"3-4,7-8",0
1077,ronnie-peterson,5,0
1078,ronnie-peterson,"1-4,6-11",0
1078,alex-soler-roig,1-5,0
1078,nanni-galli,"5-6,9-11",0
1078,niki-lauda,8,0
1078,mike-beuttler,10,0
1079,jackie-pretorius,1,0
1080,john-love,1,0
1081,brian-redman,1,0
1081,derek-bell,6,0
1081,mike-hailwood,"9,11",0
1081,gijs-van-lennep,11,0
1081,sam-posey,11,0
1082,emerson-fittipaldi,9,0
1083,howden-ganley,1-11,0
1083,jo-siffert,1-11,0
1083,pedro-rodriguez,1-5,0
1083,vic-elford,7,0
1083,helmut-marko,8-11,0
1083,peter-gethin,8-11,0
1083,george-eaton,10,0
1083,john-cannon,11,0
1084,tim-schenken,1-3,0
1084,mike-hailwood,"2-10,12",0
1085,andrea-de-adamich,1-12,0
1086,sam-posey,12,0
1087,mike-beuttler,3-12,0
1088,francois-migault,"7,9",0
1089,francois-cevert,1-12,0
1089,jackie-stewart,"1-4,6-12",0
1089,patrick-depailler,"6,12",0
1090,chris-amon,1-12,0
1091,tim-schenken,6-9,0
1092,skip-barber,11-12,0
1093,david-walker,"1-9,12",0
1093,emerson-fittipaldi,1-12,0
1093,reine-wisell,11-12,0
1094,alex-soler-roig,"1,3",0
1094,helmut-marko,"1-2,4-6",0
1094,howden-ganley,"1-6,8-12",0
1094,peter-gethin,"1-7,9-12",0
1094,reine-wisell,"1,3-4,6,8,10",0
1094,jean-pierre-beltoise,2-12,0
1094,vern-schuppan,5,0
1094,jackie-oliver,7,0
1094,bill-brack,11,0
1094,brian-redman,12,0
1095,nanni-galli,"5,7,9-10",0
1095,derek-bell,"6,8,10-12",0
1096,carlos-reutemann,"1-2,5-12",0
1096,graham-hill,1-12,0
1096,wilson-fittipaldi,3-12,0
1097,dave-charlton,"2,6-8",0
1098,clay-regazzoni,"1-5,8-12",0
1098,jacky-ickx,1-12,0
1098,mario-andretti,"1-3,10,12",0
1098,nanni-galli,6,0
1098,arturo-merzario,7-8,0
1099,niki-lauda,1-12,0
1099,ronnie-peterson,1-12,0
1100,rolf-stommelen,2-9,0
1101,william-ferguson,2,0
1102,john-love,2,0
1103,tim-schenken,"4-5,10-12",0
1103,john-surtees,"10,12",0
1104,carlos-pace,2-12,0
1104,henri-pescarolo,"1-6,8-12",0
1105,henri-pescarolo,7,0
1106,denny-hulme,1-12,0
1106,peter-revson,"1-3,5,7,9-12",0
1106,brian-redman,"4,6,8",0
1106,jody-scheckter,12,0
1107,eddie-keizan,3,0
1108,carlos-pace,1-15,0
1108,mike-hailwood,1-15,0
1109,andrea-de-adamich,"4-6,8-9",0
1109,john-watson,"9,15",0
1109,rolf-stommelen,11-14,0
1110,andrea-de-adamich,3,0
1111,mike-beuttler,"1-7,9-15",0
1112,francois-cevert,1-15,0
1112,jackie-stewart,1-15,0
1112,chris-amon,14-15,0
1113,graham-hill,4-15,0
1114,howden-ganley,1-15,0
1114,nanni-galli,"1-2,4-6",0
1114,jackie-pretorius,3,0
1114,tom-belso,7,0
1114,henri-pescarolo,"8,11",0
1114,graham-mcrae,9,0
1114,gijs-van-lennep,"10,12-13",0
1114,tim-schenken,14,0
1114,jacky-ickx,15,0
1115,james-hunt,"6,8-10,12-15",0
1116,emerson-fittipaldi,1-15,0
1116,ronnie-peterson,1-15,0
1117,david-purley,"6,9-11,13",0
1118,jean-pierre-jarier,"1-3,5-8,12,14-15",0
1118,henri-pescarolo,4,0
1118,roger-williamson,9-10,0
1119,clay-regazzoni,"1-13,15",0
1119,jean-pierre-beltoise,1-15,0
1119,niki-lauda,1-15,0
1119,peter-gethin,14,0
1120,chris-amon,"5-6,9-10,12",0
1121,carlos-reutemann,1-15,0
1121,wilson-fittipaldi,1-15,0
1122,dave-charlton,3,0
1123,arturo-merzario,"1-3,6,8,12-15",0
1123,jacky-ickx,"1-9,13",0
1124,rikky-von-opel,"8-10,12-15",0
1125,reine-wisell,7-8,0
1126,luiz-bueno,2,0
1126,jochen-mass,"9,11,15",0
1127,george-follmer,3-15,0
1127,jackie-oliver,3-15,0
1127,brian-redman,15,0
1128,denny-hulme,1-15,0
1128,peter-revson,"1-7,9-15",0
1128,jody-scheckter,"3,8-9,14-15",0
1128,jacky-ickx,11,0
1129,leo-kinnunen,"5,7,9-10,12-13",0
1130,lella-lombardi,10,0
1131,carlos-pace,1-7,0
1131,jochen-mass,1-11,0
1131,jose-dolhem,9,0
1131,derek-bell,10-11,0
1132,eddie-keizan,3,0
1133,chris-amon,"4,6,11,13",0
1133,larry-perkins,11,0
1134,mike-wilds,10,0
1135,jody-scheckter,1-15,0
1135,patrick-depailler,1-15,0
1136,graham-hill,1-15,0
1136,guy-edwards,"1-2,4-11",0
1136,peter-gethin,10,0
1136,rolf-stommelen,12-15,0
1137,arturo-merzario,1-15,0
1137,tom-belso,"3-4,7,10",0
1137,gijs-van-lennep,"5,8",0
1137,richard-robarts,7,0
1137,jean-pierre-jabouille,9,0
1137,jacques-laffite,11-15,0
1138,james-hunt,1-2,0
1139,james-hunt,3-15,0
1139,ian-scheckter,12,0
1140,john-watson,1-15,0
1140,carlos-pace,9,0
1141,jacky-ickx,1-15,0
1141,ronnie-peterson,1-15,0
1141,tim-schenken,15,0
1142,howden-ganley,10-11,0
1143,hans-joachim-stuck,"1-6,8-15",0
1143,howden-ganley,1-2,0
1143,vittorio-brambilla,3-15,0
1143,reine-wisell,7,0
1144,denny-hulme,1-15,0
1144,emerson-fittipaldi,1-15,0
1145,dieter-quester,12,0
1146,carlos-reutemann,1-15,0
1146,richard-robarts,1-3,0
1146,rikky-von-opel,4-9,0
1146,teddy-pilette,5,0
1146,carlos-pace,10-15,0
1147,mark-donohue,14-15,0
1148,john-nicholson,10,0
1149,dave-charlton,3,0
1150,clay-regazzoni,1-15,0
1150,niki-lauda,1-15,0
1151,gerard-larrousse,"5,9",0
1151,helmuth-koinigg,12,0
1151,carlo-facetti,13,0
1152,eppie-wietzes,14,0
1153,rikky-von-opel,1,0
1153,vern-schuppan,5-11,0
1153,mike-wilds,12-15,0
1154,ian-scheckter,3,0
1154,paddy-driver,3,0
1155,francois-migault,"1-6,8-11,13",0
1155,henri-pescarolo,"1-11,13",0
1155,jean-pierre-beltoise,1-15,0
1155,chris-amon,14-15,0
1156,jose-dolhem,"13,15",0
1156,derek-bell,12-14,0
1156,jean-pierre-jabouille,12,0
1156,helmuth-koinigg,14-15,0
1157,ian-ashley,14-15,0
1158,tom-pryce,5,0
1158,david-purley,10,0
1158,ian-ashley,11-12,0
1159,tim-schenken,"4-6,8,10-13",0
1160,jean-pierre-jarier,"1-2,4-15",0
1160,peter-revson,1-2,0
1160,brian-redman,4-6,0
1160,bertil-roos,7,0
1160,tom-pryce,8-15,0
1161,mario-andretti,14-15,0
1162,mike-hailwood,1-11,0
1162,david-hobbs,12-13,0
1162,jochen-mass,14-15,0
1163,vittorio-brambilla,1-14,0
1164,wilson-fittipaldi,"1-12,14",0
1164,arturo-merzario,13,0
1165,alan-jones,4-7,0
1166,jody-scheckter,1-14,0
1166,patrick-depailler,1-14,0
1166,jean-pierre-jabouille,9,0
1166,michel-leclere,14,0
1167,graham-hill,"1-3,5",0
1167,rolf-stommelen,1-3,0
1168,francois-migault,"4,6",0
1168,rolf-stommelen,"4,12-13",0
1168,graham-hill,5,0
1168,tony-brise,6-14,0
1168,vern-schuppan,7,0
1168,alan-jones,8-11,0
1169,arturo-merzario,1-6,0
1169,jacques-laffite,"1-3,5-6,8-14",0
1169,tony-brise,4,0
1169,damien-magee,7,0
1169,ian-scheckter,7-8,0
1169,francois-migault,9,0
1169,ian-ashley,11,0
1169,jo-vonlanthen,12,0
1169,renzo-zorzi,13,0
1169,lella-lombardi,14,0
1170,roelof-wunderink,"4-5,10,12-14",0
1170,gijs-van-lennep,"8-9,11",0
1170,chris-amon,12-13,0
1171,james-hunt,1-14,0
1171,brett-lunger,12-14,0
1172,jacky-ickx,1-9,0
1172,ronnie-peterson,1-14,0
1172,brian-henton,"10,12,14",0
1172,jim-crawford,"10,13",0
1172,john-watson,11,0
1173,lella-lombardi,3-13,0
1173,hans-joachim-stuck,10-14,0
1174,ian-scheckter,3,0
1175,dave-charlton,3,0
1176,hiroshi-fushida,"8,10",0
1176,tony-trimmer,11-13,0
1177,emerson-fittipaldi,1-14,0
1177,jochen-mass,1-14,0
1178,carlos-pace,1-14,0
1178,carlos-reutemann,1-14,0
1179,dave-morgan,10,0
1180,mark-donohue,1-9,0
1180,john-watson,14,0
1181,mark-donohue,10-12,0
1182,john-nicholson,10,0
1183,torsten-palm,"5,7",0
1184,clay-regazzoni,1-14,0
1184,niki-lauda,1-14,0
1185,mike-wilds,1-2,0
1185,bob-evans,"3-9,12-13",0
1186,eddie-keizan,3,0
1186,guy-tunmer,3,0
1187,john-watson,"1-10,12",0
1188,jean-pierre-jarier,"1-11,14",0
1188,tom-pryce,1-14,0
1189,jean-pierre-jarier,12-13,0
1190,mario-andretti,"1-5,7,9-14",0
1191,harald-ertl,11-13,0
1192,vittorio-brambilla,1-16,0
1193,john-watson,1-16,0
1194,emerson-fittipaldi,1-16,0
1194,ingo-hoffmann,"1,3-4,8",0
1195,alan-jones,3-16,0
1196,jody-scheckter,1-16,0
1196,patrick-depailler,1-16,0
1197,boy-hayje,12,0
1198,larry-perkins,"4-7,12-13",0
1199,kazuyoshi-hoshino,16,0
1200,harald-ertl,2-16,0
1201,mario-andretti,"1,4-5,7-16",0
1201,ronnie-peterson,1,0
1201,bob-evans,2-3,0
1201,gunnar-nilsson,2-16,0
1202,masahiro-hasemi,16,0
1203,lella-lombardi,1,0
1204,ian-scheckter,2,0
1205,jacques-laffite,1-16,0
1206,tom-pryce,1-16,0
1207,tony-trimmer,16,0
1208,emilio-zapico,4,0
1209,hans-joachim-stuck,1-16,0
1209,ronnie-peterson,2-16,0
1210,james-hunt,1-16,0
1210,jochen-mass,1-16,0
1211,carlos-pace,1-16,0
1211,carlos-reutemann,1-12,0
1211,rolf-stommelen,"10,13",0
1211,larry-perkins,14-16,0
1212,otto-stuppacher,13-15,0
1213,arturo-merzario,3-9,0
1214,guy-edwards,"5,8-10,13-14",0
1214,rolf-stommelen,12,0
1214,alex-ribeiro,15,0
1215,emilio-de-villota,4,0
1215,loris-kessel,"4-5,7-8,11",0
1215,patrick-neve,5,0
1215,jac-nellemann,7,0
1215,damien-magee,8,0
1215,bob-evans,9,0
1215,lella-lombardi,9-11,0
1215,rolf-stommelen,10,0
1216,clay-regazzoni,"1-10,12-16",0
1216,niki-lauda,"1-10,13-16",0
1216,carlos-reutemann,13,0
1217,alessandro-pesenti-rossi,10-13,0
1218,divina-galica,9,0
1219,ian-ashley,1,0
1220,jean-pierre-jarier,1-16,0
1221,chris-amon,"2-7,9-10",0
1221,patrick-neve,8,0
1221,hans-binder,11,0
1221,jacky-ickx,12-15,0
1222,henri-pescarolo,"6,8-15",0
1223,mike-wilds,9,0
1224,brett-lunger,"2-5,7-11,13-15",0
1224,conny-andersson,12,0
1224,noritake-takahara,16,0
1225,mario-andretti,2-3,0
1226,jacky-ickx,"1-6,8-9",0
1226,renzo-zorzi,1,0
1226,michel-leclere,2-8,0
1226,arturo-merzario,10-16,0
1226,chris-amon,14,0
1226,warwick-brown,15,0
1226,hans-binder,16,0
1226,masami-kuwashima,16,0
1227,renzo-zorzi,1-5,0
1227,tom-pryce,1-3,0
1227,alan-jones,4-17,0
1227,riccardo-patrese,"6-7,9-11,13-14,16-17",0
1227,jackie-oliver,8,0
1227,arturo-merzario,12,0
1227,jean-pierre-jarier,15,0
1228,jean-pierre-jarier,4-14,0
1228,hans-heyer,11,0
1228,hans-binder,12-14,0
1229,vittorio-brambilla,1-17,0
1230,brian-mcguire,10,0
1231,bernard-de-dryver,7,0
1231,brian-henton,"5,10,12",0
1232,brett-lunger,3-5,0
1233,brett-lunger,7-16,0
1234,emerson-fittipaldi,1-16,0
1234,ingo-hoffmann,1-2,0
1235,hans-binder,"1-6,15-17",0
1236,patrick-depailler,1-17,0
1236,ronnie-peterson,1-17,0
1237,jean-pierre-jabouille,"10,13-16",0
1238,brian-henton,13-14,0
1239,kazuyoshi-hoshino,17,0
1240,harald-ertl,5-9,0
1240,hector-rebaque,"7-9,11-13",0
1240,ian-ashley,12-16,0
1241,alex-ribeiro,1-17,0
1242,emilio-de-villota,"5,7-8,10-12,14",0
1243,danny-ongais,15-16,0
1244,gunnar-nilsson,1-17,0
1244,mario-andretti,1-17,0
1245,loris-kessel,14,0
1246,noritake-takahara,17,0
1247,david-purley,"5,7-10",0
1248,jacques-laffite,1-17,0
1248,jean-pierre-jarier,17,0
1249,jochen-mass,1-17,0
1249,james-hunt,1-17,0
1249,gilles-villeneuve,10,0
1249,bruno-giacomelli,14,0
1250,carlos-pace,1-3,0
1250,john-watson,1-17,0
1250,hans-joachim-stuck,4-17,0
1250,giorgio-francia,14,0
1251,kunimitsu-takahashi,17,0
1252,tony-trimmer,10,0
1253,rupert-keegan,5-16,0
1254,boy-hayje,"3,5-8,13",0
1254,mikko-kozarowitzky,"8,10",0
1254,andy-sutcliffe,10,0
1254,michael-bleekemolen,13,0
1255,carlos-reutemann,1-17,0
1255,niki-lauda,1-15,0
1255,gilles-villeneuve,16-17,0
1256,larry-perkins,2-3,0
1256,conny-andersson,"5,7-9",0
1256,guy-edwards,10,0
1256,teddy-pilette,"11,13-14",0
1257,arturo-merzario,"5-7,9-11,13",0
1258,ian-scheckter,"1-2,5-16",0
1258,brian-henton,4,0
1258,hans-joachim-stuck,3,0
1259,larry-perkins,7-9,0
1259,patrick-tambay,9,0
1259,vern-schuppan,10-13,0
1259,lamberto-leoni,14,0
1260,clay-regazzoni,1-17,0
1260,jacky-ickx,6,0
1261,patrick-tambay,10-17,0
1262,jody-scheckter,1-17,0
1263,patrick-neve,"5,7-16",0
1264,riccardo-patrese,"2-14,16",0
1264,rolf-stommelen,3-16,0
1265,jean-pierre-jarier,"1-5,11",0
1265,jochen-mass,1-13,0
1265,alberto-colombo,6-7,0
1265,keke-rosberg,"8-10,15-16",0
1265,hans-binder,12,0
1265,michael-bleekemolen,13-16,0
1265,harald-ertl,14,0
1266,rene-arnoux,"3,5-6,9,11-13",0
1267,vittorio-brambilla,1-14,0
1268,emilio-de-villota,7,0
1269,rupert-keegan,1-13,0
1270,didier-pironi,1-16,0
1270,patrick-depailler,1-16,0
1271,jean-pierre-jabouille,3-16,0
1272,emerson-fittipaldi,1-16,0
1273,danny-ongais,"4,13",0
1274,mario-andretti,1-16,0
1274,ronnie-peterson,1-14,0
1274,jean-pierre-jarier,15-16,0
1275,brett-lunger,1-14,0
1275,nelson-piquet,12-14,0
1276,jacques-laffite,1-16,0
1277,geoff-lees,10,0
1278,james-hunt,1-16,0
1278,patrick-tambay,"1-5,7-16",0
1278,bruno-giacomelli,"6,9-10,13-14",0
1279,tony-trimmer,10,0
1280,divina-galica,1-2,0
1280,eddie-cheever,3,0
1280,derek-daly,4-6,0
1281,john-watson,1-16,0
1281,niki-lauda,1-16,0
1281,nelson-piquet,16,0
1282,patrick-neve,6,0
1283,harald-ertl,11-14,0
1284,carlos-reutemann,1-16,0
1284,gilles-villeneuve,1-16,0
1285,arturo-merzario,1-16,0
1285,alberto-colombo,14,0
1286,hector-rebaque,1-16,0
1287,carlo-franchi,14,0
1287,beppe-gabbiani,15-16,0
1287,rene-arnoux,15-16,0
1288,danny-ongais,1-2,0
1288,lamberto-leoni,1-4,0
1288,jacky-ickx,5-8,0
1288,bernard-de-dryver,6,0
1288,derek-daly,"9-10,12-16",0
1288,nelson-piquet,11,0
1288,brett-lunger,15,0
1289,eddie-cheever,1-2,0
1290,keke-rosberg,3-7,0
1291,keke-rosberg,11-14,0
1292,clay-regazzoni,1-16,0
1292,hans-joachim-stuck,1-16,0
1293,jody-scheckter,1-16,0
1293,bobby-rahal,15-16,0
1294,alan-jones,1-16,0
1295,alan-jones,1-15,0
1295,clay-regazzoni,1-15,0
1296,hans-joachim-stuck,1-15,0
1297,bruno-giacomelli,"6,8,13,15",0
1297,vittorio-brambilla,13-15,0
1298,didier-pironi,1-15,0
1298,jean-pierre-jarier,"1-9,12-15",0
1298,geoff-lees,10,0
1298,derek-daly,"11,14-15",0
1299,jean-pierre-jabouille,1-15,0
1299,rene-arnoux,1-15,0
1300,emerson-fittipaldi,1-15,0
1300,alex-ribeiro,14-15,0
1301,elio-de-angelis,1-15,0
1302,jacques-laffite,1-15,0
1302,patrick-depailler,1-7,0
1302,jacky-ickx,8-15,0
1303,john-watson,1-15,0
1303,patrick-tambay,1-15,0
1304,carlos-reutemann,1-15,0
1304,mario-andretti,1-15,0
1305,james-hunt,1-7,0
1305,keke-rosberg,8-15,0
1306,nelson-piquet,1-13,0
1306,niki-lauda,1-13,0
1307,nelson-piquet,14-15,0
1307,ricardo-zunino,14-15,0
1308,jan-lammers,1-15,0
1309,gilles-villeneuve,1-15,0
1309,jody-scheckter,1-15,0
1310,derek-daly,1-7,0
1310,patrick-gaillard,8-12,0
1310,marc-surer,13-15,0
1311,arturo-merzario,"1-6,8-15",0
1311,gianfranco-brancatelli,7,0
1312,hector-rebaque,"1-6,8-12",0
1313,hector-rebaque,13-15,0
1314,jochen-mass,1-15,0
1314,riccardo-patrese,1-15,0
1315,gianfranco-brancatelli,5-6,0
1316,alan-jones,1-14,0
1316,carlos-reutemann,1-14,0
1317,desire-wilson,8,0
1318,derek-daly,1-14,0
1318,jean-pierre-jarier,1-14,0
1318,mike-thackwell,13-14,0
1319,didier-pironi,1-14,0
1319,jacques-laffite,1-14,0
1320,jean-pierre-jabouille,1-13,0
1320,rene-arnoux,1-14,0
1321,bruno-giacomelli,1-14,0
1321,patrick-depailler,1-8,0
1321,vittorio-brambilla,11-12,0
1321,andrea-de-cesaris,13-14,0
1322,alain-prost,"1-3,5-14",0
1322,john-watson,1-14,0
1322,stephen-south,4,0
1323,eddie-cheever,1-14,0
1324,nelson-piquet,1-14,0
1324,ricardo-zunino,1-7,0
1324,hector-rebaque,8-14,0
1325,rupert-keegan,9-14,0
1326,kevin-cogan,13,0
1326,geoff-lees,14,0
1327,rupert-keegan,8,0
1328,gilles-villeneuve,1-14,0
1328,jody-scheckter,1-14,0
1329,emerson-fittipaldi,1-14,0
1329,keke-rosberg,1-14,0
1330,jan-lammers,1-6,0
1330,marc-surer,"1-3,7-14",0
1330,harald-ertl,9,0
1331,elio-de-angelis,1-14,0
1331,mario-andretti,1-14,0
1331,nigel-mansell,10-12,0
1332,david-kennedy,1-7,0
1332,stefan-johansson,1-2,0
1332,geoff-lees,3-7,0
1333,clay-regazzoni,1-4,0
1333,tiff-needell,5-6,0
1333,jan-lammers,7-14,0
1333,geoff-lees,11-12,0
1334,jochen-mass,"1-11,13-14",0
1334,riccardo-patrese,1-14,0
1334,mike-thackwell,11,0
1334,manfred-winkelhock,12,0
1335,alan-jones,1-15,0
1335,carlos-reutemann,1-15,0
1336,brian-henton,4-15,0
1336,derek-warwick,4-15,0
1337,marc-surer,1-6,0
1337,ricardo-londono,2,0
1337,eliseo-salazar,7-15,0
1338,alain-prost,1-15,0
1338,rene-arnoux,1-15,0
1339,jacques-laffite,1-15,0
1339,jean-pierre-jarier,1-2,0
1339,jean-pierre-jabouille,2-7,0
1339,patrick-tambay,8-15,0
1340,chico-serra,"1-10,12-15",0
1340,keke-rosberg,"1-10,12-15",0
1341,derek-daly,1-15,0
1341,eliseo-salazar,1-6,0
1342,andrea-de-cesaris,1-15,0
1342,john-watson,1-15,0
1343,bruno-giacomelli,1-15,0
1343,mario-andretti,1-15,0
1344,beppe-gabbiani,1-15,0
1344,miguel-angel-guerra,1-4,0
1344,piercarlo-ghinzani,5-6,0
1344,giorgio-francia,7,0
1344,jean-pierre-jarier,9-15,0
1345,hector-rebaque,1-15,0
1345,nelson-piquet,1-15,0
1346,riccardo-patrese,1-15,0
1346,siegfried-stohr,1-13,0
1346,jacques-villeneuve-sr,14-15,0
1347,didier-pironi,1-15,0
1347,gilles-villeneuve,1-15,0
1348,jan-lammers,1-4,0
1348,slim-borgudd,4-15,0
1349,elio-de-angelis,"1-3,5-15",0
1349,nigel-mansell,"1-3,5-15",0
1350,patrick-tambay,1-7,0
1350,marc-surer,8-15,0
1351,eddie-cheever,1-15,0
1351,kevin-cogan,1,0
1351,ricardo-zunino,2-3,0
1351,michele-alboreto,4-15,0
1352,brian-henton,1-3,0
1352,mauro-baldi,"1-3,5-16",0
1352,marc-surer,5-16,0
1353,derek-warwick,"1-6,9-16",0
1353,teo-fabi,"1-6,9-16",0
1354,roberto-guerrero,"2-3,5-16",0
1355,alain-prost,1-16,0
1355,rene-arnoux,1-16,0
1356,eddie-cheever,"1-3,5-16",0
1356,jacques-laffite,"1-3,5-16",0
1357,chico-serra,"1-3,5-16",0
1358,elio-de-angelis,"1-3,5-16",0
1358,nigel-mansell,"1-3,5-8,10,12-16",0
1358,roberto-moreno,9,0
1358,geoff-lees,11,0
1359,emilio-de-villota,5-9,0
1360,john-watson,"1-3,5-16",0
1360,niki-lauda,"1-3,5-16",0
1361,andrea-de-cesaris,1-16,0
1361,bruno-giacomelli,1-16,0
1362,jean-pierre-jarier,1-16,0
1362,riccardo-paletti,1-8,0
1363,nelson-piquet,"1,5-16",0
1363,riccardo-patrese,"1,5,9-16",0
1364,nelson-piquet,2-3,0
1364,riccardo-patrese,"2-3,6-8",0
1365,jochen-mass,"1-3,5-11",0
1365,raul-boesel,"1-3,5-16",0
1365,rupert-keegan,12-16,0
1366,didier-pironi,1-12,0
1366,gilles-villeneuve,1-5,0
1366,patrick-tambay,9-16,0
1366,mario-andretti,15-16,0
1367,carlos-reutemann,1-2,0
1367,keke-rosberg,"1-3,5-16",0
1367,mario-andretti,3,0
1367,derek-daly,5-16,0
1368,eliseo-salazar,1-16,0
1368,manfred-winkelhock,1-16,0
1369,michele-alboreto,1-16,0
1369,slim-borgudd,1-3,0
1369,brian-henton,4-16,0
1370,derek-daly,1-3,0
1370,jan-lammers,"5-7,9-11",0
1370,geoff-lees,8,0
1370,tommy-byrne,12-16,0
1371,chico-serra,"1,3-5",0
1371,marc-surer,1-15,0
1371,alan-jones,2,0
1371,thierry-boutsen,6-15,0
1372,danny-sullivan,1-15,0
1372,michele-alboreto,1-15,0
1373,bruno-giacomelli,1-15,0
1373,derek-warwick,1-15,0
1374,jean-pierre-jarier,1-15,0
1374,raul-boesel,1-15,0
1375,alain-prost,1-15,0
1375,eddie-cheever,1-15,0
1376,nelson-piquet,1-15,0
1376,riccardo-patrese,1-15,0
1377,elio-de-angelis,1,0
1377,nigel-mansell,1-8,0
1378,elio-de-angelis,2-15,0
1378,nigel-mansell,9-15,0
1379,john-watson,1-12,0
1379,niki-lauda,1-11,0
1380,john-watson,13-15,0
1380,niki-lauda,12-15,0
1381,andrea-de-cesaris,1-15,0
1381,mauro-baldi,1-15,0
1382,corrado-fabi,1-8,0
1382,piercarlo-ghinzani,1-3,0
1383,piercarlo-ghinzani,4-15,0
1383,corrado-fabi,9-15,0
1384,eliseo-salazar,1-6,0
1384,jean-louis-schlesser,3,0
1384,jacques-villeneuve-sr,8,0
1384,kenny-acheson,9-15,0
1385,patrick-tambay,1-15,0
1385,rene-arnoux,1-15,0
1386,stefan-johansson,9-14,0
1387,jacques-laffite,1-14,0
1387,keke-rosberg,1-14,0
1387,jonathan-palmer,14,0
1388,jacques-laffite,15,0
1388,keke-rosberg,15,0
1389,manfred-winkelhock,1-15,0
1390,johnny-cecotto,1-13,0
1390,roberto-guerrero,1-14,0
1391,marc-surer,"1-3,5,7-8",0
1391,thierry-boutsen,"1-2,4",0
1392,thierry-boutsen,"3,5-16",0
1392,marc-surer,"4,6,9-16",0
1393,eddie-cheever,1-16,0
1393,riccardo-patrese,1-16,0
1394,derek-warwick,1-16,0
1394,patrick-tambay,1-16,0
1394,philippe-streiff,16,0
1395,elio-de-angelis,1-16,0
1395,nigel-mansell,1-16,0
1396,andrea-de-cesaris,1-16,0
1396,francois-hesnault,1-16,0
1397,alain-prost,1-16,0
1397,niki-lauda,1-16,0
1398,nelson-piquet,1-16,0
1398,teo-fabi,"1-5,8,10-15",0
1398,corrado-fabi,"6-7,9",0
1398,manfred-winkelhock,16,0
1399,piercarlo-ghinzani,1-16,0
1399,jo-gartner,"4,10-16",0
1400,michele-alboreto,1-16,0
1400,rene-arnoux,1-16,0
1401,jonathan-palmer,"1-6,8-16",0
1401,philippe-alliot,1-16,0
1401,mike-thackwell,7,0
1402,mauro-baldi,"1-6,15-16",0
1402,huub-rothengatter,"7,9-14",0
1403,huub-rothengatter,8,0
1404,manfred-winkelhock,1-14,0
1404,gerhard-berger,"12,14-16",0
1405,ayrton-senna,"1-13,15-16",0
1405,johnny-cecotto,1-10,0
1405,pierluigi-martini,14,0
1405,stefan-johansson,14-16,0
1406,martin-brundle,1-9,0
1406,stefan-bellof,"1-10,12-13",0
1406,stefan-johansson,10-13,0
1406,mike-thackwell,11,0
1407,jacques-laffite,1-16,0
1407,keke-rosberg,1-16,0
1408,gerhard-berger,1-16,0
1408,thierry-boutsen,1-16,0
1409,eddie-cheever,1-16,0
1409,riccardo-patrese,1-16,0
1410,keke-rosberg,1-16,0
1410,nigel-mansell,1-16,0
1411,andrea-de-cesaris,1-11,0
1411,jacques-laffite,"1-14,16",0
1411,philippe-streiff,"12-14,16",0
1412,derek-warwick,"1-14,16",0
1412,patrick-tambay,"1-14,16",0
1412,francois-hesnault,9,0
1413,ayrton-senna,1-16,0
1413,elio-de-angelis,1-16,0
1414,alain-prost,1-16,0
1414,niki-lauda,"1-13,15-16",0
1414,john-watson,14,0
1415,pierluigi-martini,1-2,0
1416,pierluigi-martini,3-16,0
1417,francois-hesnault,1-4,0
1417,nelson-piquet,1-16,0
1417,marc-surer,5-16,0
1418,huub-rothengatter,9-16,0
1418,piercarlo-ghinzani,1-8,0
1419,michele-alboreto,1-16,0
1419,rene-arnoux,1,0
1419,stefan-johansson,2-16,0
1420,manfred-winkelhock,1-9,0
1420,philippe-alliot,1-14,0
1420,kenny-acheson,10-12,0
1421,mauro-baldi,1-3,0
1422,alan-jones,"12,14-16",0
1423,teo-fabi,4-16,0
1423,piercarlo-ghinzani,10-16,0
1424,martin-brundle,"1-6,9-10",0
1424,stefan-johansson,1,0
1424,stefan-bellof,2-8,0
1425,martin-brundle,"7-8,11-16",0
1425,stefan-bellof,9-11,0
1425,ivan-capelli,"14,16",0
1425,philippe-streiff,15,0
1426,jonathan-palmer,"2-4,7-11",0
1426,christian-danner,13-14,0
1427,marc-surer,1-5,0
1427,thierry-boutsen,1-16,0
1427,christian-danner,7-16,0
1428,gerhard-berger,1-16,0
1428,teo-fabi,1-16,0
1429,nelson-piquet,1-16,0
1429,nigel-mansell,1-16,0
1430,martin-brundle,1-16,0
1430,philippe-streiff,1-16,0
1431,jacques-laffite,1-9,0
1431,rene-arnoux,1-16,0
1431,philippe-alliot,10-16,0
1432,ayrton-senna,1-16,0
1432,johnny-dumfries,1-16,0
1433,ivan-capelli,13-14,0
1434,alain-prost,1-16,0
1434,keke-rosberg,1-16,0
1435,alessandro-nannini,1-16,0
1435,andrea-de-cesaris,1-16,0
1436,elio-de-angelis,1-4,0
1436,riccardo-patrese,1-16,0
1436,derek-warwick,6-16,0
1437,christian-danner,1-6,0
1437,piercarlo-ghinzani,1-16,0
1437,allen-berg,"7-12,14-16",0
1437,alex-caffi,13,0
1438,michele-alboreto,1-16,0
1438,stefan-johansson,1-16,0
1439,alan-jones,1-2,0
1439,patrick-tambay,1-3,0
1440,alan-jones,3-16,0
1440,patrick-tambay,"4-6,8-16",0
1440,eddie-cheever,7,0
1441,jonathan-palmer,1-16,0
1441,huub-rothengatter,3-16,0
1442,teo-fabi,1-16,0
1442,thierry-boutsen,1-16,0
1443,ayrton-senna,1-16,0
1443,satoru-nakajima,1-16,0
1444,nelson-piquet,1-16,0
1444,nigel-mansell,1-15,0
1444,riccardo-patrese,16,0
1445,jonathan-palmer,1-16,0
1445,philippe-streiff,1-16,0
1446,nicola-larini,"11,13",0
1447,philippe-alliot,2-16,0
1447,yannick-dalmas,14-16,0
1448,ivan-capelli,1-16,0
1449,piercarlo-ghinzani,2-16,0
1449,rene-arnoux,2-16,0
1450,alain-prost,1-16,0
1450,stefan-johansson,1-16,0
1451,adrian-campos,1-16,0
1451,alessandro-nannini,1-16,0
1452,andrea-de-cesaris,1-16,0
1452,riccardo-patrese,1-15,0
1452,stefano-modena,16,0
1453,alex-caffi,1-16,0
1453,gabriele-tarquini,2,0
1453,franco-forini,11-13,0
1454,gerhard-berger,1-16,0
1454,michele-alboreto,1-16,0
1455,pascal-fabre,1-14,0
1455,roberto-moreno,15-16,0
1456,derek-warwick,1-16,0
1456,eddie-cheever,1-16,0
1457,christian-danner,1-16,0
1457,martin-brundle,1-16,0
1458,philippe-streiff,1-16,0
1459,alessandro-nannini,1-16,0
1459,thierry-boutsen,1-16,0
1460,alex-caffi,1-16,0
1461,nelson-piquet,1-16,0
1461,satoru-nakajima,1-16,0
1462,nigel-mansell,"1-10,13-16",0
1462,riccardo-patrese,1-16,0
1462,martin-brundle,11,0
1462,jean-louis-schlesser,12,0
1463,gabriele-tarquini,1-16,0
1464,oscar-larrauri,1-16,0
1464,stefano-modena,1-16,0
1465,alain-prost,1-16,0
1465,ayrton-senna,1-16,0
1466,philippe-alliot,1-16,0
1466,yannick-dalmas,1-14,0
1466,aguri-suzuki,15,0
1466,pierre-henri-raphanel,16,0
1467,ivan-capelli,1-16,0
1467,mauricio-gugelmin,1-16,0
1468,rene-arnoux,1-16,0
1468,stefan-johansson,1-16,0
1469,adrian-campos,1-5,0
1469,luis-perez-sala,1-16,0
1469,pierluigi-martini,6-16,0
1470,nicola-larini,1-16,0
1471,andrea-de-cesaris,1-16,0
1472,gerhard-berger,1-16,0
1472,michele-alboreto,1-16,0
1473,jonathan-palmer,1-16,0
1473,julian-bailey,1-16,0
1474,derek-warwick,1-16,0
1474,eddie-cheever,1-16,0
1475,bernd-schneider,1-16,0
1475,piercarlo-ghinzani,1-16,0
1476,derek-warwick,"1-6,8-16",0
1476,eddie-cheever,1-16,0
1476,martin-donnelly,7,0
1477,joachim-winkelhock,1-7,0
1477,gabriele-tarquini,2-16,0
1477,yannick-dalmas,8-16,0
1478,alessandro-nannini,1-16,0
1478,johnny-herbert,1-6,0
1478,emanuele-pirro,7-16,0
1479,alex-caffi,1-16,0
1479,andrea-de-cesaris,1-16,0
1480,nelson-piquet,1-16,0
1480,satoru-nakajima,1-16,0
1481,riccardo-patrese,1-16,0
1481,thierry-boutsen,1-16,0
1482,pierre-henri-raphanel,1-10,0
1482,roberto-moreno,1-16,0
1482,enrico-bertaggia,11-16,0
1483,philippe-alliot,1-16,0
1483,yannick-dalmas,1-6,0
1483,eric-bernard,7-8,0
1483,michele-alboreto,9-16,0
1484,gregor-foitek,1-11,0
1484,oscar-larrauri,12-16,0
1485,gabriele-tarquini,,0
1486,alain-prost,1-16,0
1486,ayrton-senna,1-16,0
1487,ivan-capelli,1-16,0
1487,mauricio-gugelmin,1-16,0
1488,olivier-grouillard,1-16,0
1488,rene-arnoux,1-16,0
1489,luis-perez-sala,1-16,0
1489,pierluigi-martini,"1-14,16",0
1489,paolo-barilla,15,0
1490,bertrand-gachot,1-12,0
1490,stefan-johansson,1-16,0
1490,jj-lehto,13-16,0
1491,martin-brundle,1-16,0
1491,stefano-modena,1-16,0
1492,nicola-larini,1-16,0
1492,piercarlo-ghinzani,1-16,0
1493,christian-danner,1-13,0
1493,volker-weidler,1-10,0
1493,pierre-henri-raphanel,11-16,0
1493,gregor-foitek,14,0
1493,bertrand-gachot,15-16,0
1494,gerhard-berger,"1-2,4-16",0
1494,nigel-mansell,"1-13,15-16",0
1495,jonathan-palmer,1-16,0
1495,michele-alboreto,1-6,0
1495,jean-alesi,"7-10,12,14-16",0
1495,johnny-herbert,"11,13",0
1496,aguri-suzuki,1-16,0
1496,bernd-schneider,1-16,0
1497,gabriele-tarquini,1-16,0
1497,yannick-dalmas,1-16,0
1498,alessandro-nannini,1-14,0
1498,nelson-piquet,1-16,0
1498,roberto-moreno,15-16,0
1499,andrea-de-cesaris,1-16,0
1499,gianni-morbidelli,1-2,0
1499,emanuele-pirro,3-16,0
1500,derek-warwick,1-16,0
1500,martin-donnelly,1-14,0
1500,johnny-herbert,15-16,0
1501,riccardo-patrese,1-16,0
1501,thierry-boutsen,1-16,0
1502,bertrand-gachot,9-16,0
1503,aguri-suzuki,1-16,0
1503,eric-bernard,1-16,0
1504,claudio-langes,1-14,0
1504,roberto-moreno,1-14,0
1505,bernd-schneider,"1,14",0
1505,michele-alboreto,1-16,0
1505,alex-caffi,"2-13,15-16",0
1506,ayrton-senna,1-16,0
1506,gerhard-berger,1-16,0
1507,ivan-capelli,1-16,0
1507,mauricio-gugelmin,1-16,0
1508,gary-brabham,1-2,0
1508,bruno-giacomelli,3-12,0
1509,bruno-giacomelli,13-14,0
1510,nicola-larini,1-16,0
1510,philippe-alliot,1-16,0
1511,jj-lehto,1-10,0
1511,stefan-johansson,1-2,0
1511,gregor-foitek,3-10,0
1512,gregor-foitek,1-2,0
1512,stefano-modena,1-16,0
1512,david-brabham,3-16,0
1513,olivier-grouillard,1-16,0
1514,paolo-barilla,1-14,0
1514,pierluigi-martini,1-16,0
1514,gianni-morbidelli,15-16,0
1515,alain-prost,1-16,0
1515,nigel-mansell,1-16,0
1516,bertrand-gachot,1-8,0
1517,jean-alesi,1-16,0
1517,satoru-nakajima,1-16,0
1518,gabriele-tarquini,1-13,0
1518,stefan-johansson,1-2,0
1518,fabrizio-barbazza,3-14,0
1518,olivier-grouillard,14,0
1519,satoru-nakajima,1-16,0
1519,stefano-modena,1-16,0
1520,nelson-piquet,1-16,0
1520,roberto-moreno,1-11,0
1520,michael-schumacher,12-16,0
1521,nigel-mansell,1-16,0
1521,riccardo-patrese,1-16,0
1522,pedro-chaves,1-13,0
1522,naoki-hattori,15-16,0
1523,olivier-grouillard,1-13,0
1523,gabriele-tarquini,14-16,0
1524,alex-caffi,1-4,0
1524,michele-alboreto,1-6,0
1524,stefan-johansson,5-6,0
1525,michele-alboreto,7-16,0
1525,stefan-johansson,7-8,0
1525,alex-caffi,9-16,0
1526,ayrton-senna,1-16,0
1526,gerhard-berger,1-16,0
1527,aguri-suzuki,1-16,0
1527,eric-bernard,1-15,0
1527,bertrand-gachot,16,0
1528,ivan-capelli,1-14,0
1528,mauricio-gugelmin,1-16,0
1528,karl-wendlinger,15-16,0
1529,erik-comas,1-16,0
1529,thierry-boutsen,1-16,0
1530,gianni-morbidelli,1-15,0
1530,pierluigi-martini,1-16,0
1530,roberto-moreno,16,0
1531,eric-van-de-poele,1-16,0
1531,nicola-larini,1-16,0
1532,mark-blundell,1-16,0
1532,martin-brundle,1-16,0
1533,alain-prost,1-15,0
1533,jean-alesi,1-16,0
1533,gianni-morbidelli,16,0
1534,emanuele-pirro,1-16,0
1534,jj-lehto,1-16,0
1535,andrea-de-cesaris,1-16,0
1535,bertrand-gachot,1-10,0
1535,michael-schumacher,11,0
1535,roberto-moreno,12-13,0
1535,alex-zanardi,14-16,0
1536,julian-bailey,1-4,0
1536,mika-hakkinen,1-16,0
1536,johnny-herbert,"5-8,11,13,15-16",0
1536,michael-bartels,"9-10,12,14",0
1537,alex-caffi,1-2,0
1537,enrico-bertaggia,1-2,0
1537,roberto-moreno,"3-7,9-12",0
1537,perry-mccarthy,"4-6,9-12",0
1538,martin-brundle,1-16,0
1538,michael-schumacher,1-16,0
1539,nigel-mansell,1-16,0
1539,riccardo-patrese,1-16,0
1540,bertrand-gachot,1-16,0
1540,ukyo-katayama,1-16,0
1541,andrea-chiesa,1-10,0
1541,gabriele-tarquini,1-13,0
1541,eric-van-de-poele,11-13,0
1542,aguri-suzuki,1-16,0
1542,michele-alboreto,1-16,0
1543,ayrton-senna,1-16,0
1543,gerhard-berger,1-16,0
1544,erik-comas,1-16,0
1544,thierry-boutsen,1-16,0
1545,karl-wendlinger,1-14,0
1545,paul-belmondo,1-11,0
1545,emanuele-naspetti,12-16,0
1545,jan-lammers,15-16,0
1546,christian-fittipaldi,"1-8,12-16",0
1546,gianni-morbidelli,1-16,0
1546,alex-zanardi,9-11,0
1547,eric-van-de-poele,1-10,0
1547,giovanna-amati,1-3,0
1547,damon-hill,4-11,0
1548,mauricio-gugelmin,1-16,0
1548,stefano-modena,1-16,0
1549,ivan-capelli,1-14,0
1549,jean-alesi,1-16,0
1549,nicola-larini,15-16,0
1550,jj-lehto,1-16,0
1550,pierluigi-martini,1-16,0
1551,johnny-herbert,1-16,0
1551,mika-hakkinen,1-16,0
1552,andrea-de-cesaris,1-16,0
1552,olivier-grouillard,1-16,0
1553,michael-schumacher,1-16,0
1553,riccardo-patrese,1-16,0
1554,alain-prost,1-16,0
1554,damon-hill,1-16,0
1555,aguri-suzuki,1-16,0
1555,derek-warwick,1-16,0
1556,erik-comas,1-16,0
1556,philippe-alliot,1-14,0
1556,toshio-suzuki,15-16,0
1557,mark-blundell,1-16,0
1557,martin-brundle,1-16,0
1558,luca-badoer,1-14,0
1558,michele-alboreto,1-14,0
1559,jan-lammers,,0
1559,jean-marc-gounon,,0
1560,ayrton-senna,1-16,0
1560,michael-andretti,1-13,0
1560,mika-hakkinen,14-16,0
1561,christian-fittipaldi,1-14,0
1561,fabrizio-barbazza,1-8,0
1561,pierluigi-martini,9-16,0
1561,jean-marc-gounon,15-16,0
1562,ivan-capelli,1-2,0
1562,r-barrichello,1-16,0
1562,thierry-boutsen,3-12,0
1562,marco-apicella,13,0
1562,emanuele-naspetti,14,0
1562,eddie-irvine,15-16,0
1563,jj-lehto,1-16,0
1563,karl-wendlinger,1-16,0
1564,gerhard-berger,1-16,0
1564,jean-alesi,1-16,0
1565,alex-zanardi,1-12,0
1565,johnny-herbert,1-16,0
1565,pedro-lamy,13-16,0
1566,andrea-de-cesaris,1-16,0
1566,ukyo-katayama,1-16,0
1567,heinz-harald-frentzen,1-16,0
1567,karl-wendlinger,1-4,0
1567,andrea-de-cesaris,6-14,0
1567,jj-lehto,15-16,0
1568,christian-fittipaldi,1-16,0
1568,gianni-morbidelli,1-16,0
1569,eric-bernard,1-13,0
1569,olivier-panis,1-16,0
1569,johnny-herbert,14,0
1569,franck-lagorce,15-16,0
1570,martin-brundle,1-16,0
1570,mika-hakkinen,"1-9,11-16",0
1570,philippe-alliot,10,0
1571,jos-verstappen,"1-2,7-14",0
1571,michael-schumacher,"1-11,14-16",0
1571,jj-lehto,"3-6,12-13",0
1571,johnny-herbert,15-16,0
1572,michele-alboreto,1-16,0
1572,pierluigi-martini,1-16,0
1573,david-brabham,1-16,0
1573,roland-ratzenberger,1-3,0
1573,andrea-montermini,5,0
1573,jean-marc-gounon,7-13,0
1573,domenico-schiattarella,"14,16",0
1573,taki-inoue,15,0
1574,bertrand-gachot,1-16,0
1574,paul-belmondo,1-16,0
1575,ayrton-senna,1-3,0
1575,damon-hill,1-16,0
1575,david-coulthard,"5-6,8-13",0
1575,nigel-mansell,"7,14-16",0
1576,eddie-irvine,"1,5-16",0
1576,r-barrichello,1-16,0
1576,aguri-suzuki,2,0
1576,andrea-de-cesaris,3-4,0
1577,gerhard-berger,1-16,0
1577,jean-alesi,"1,4-16",0
1577,nicola-larini,2-3,0
1578,johnny-herbert,1-13,0
1578,pedro-lamy,1-4,0
1578,alex-zanardi,"5-10,12,14-16",0
1578,philippe-adams,"11,13",0
1578,eric-bernard,14,0
1578,mika-salo,15-16,0
1579,erik-comas,1-15,0
1579,olivier-beretta,1-10,0
1579,philippe-alliot,11,0
1579,yannick-dalmas,12-13,0
1579,hideki-noda,14-16,0
1579,jean-denis-deletraz,16,0
1580,mark-blundell,1-16,0
1580,ukyo-katayama,1-16,0
1581,gianni-morbidelli,"1-7,15-17",0
1581,taki-inoue,1-17,0
1581,max-papis,8-14,0
1582,christophe-bouchut,,0
1582,erik-comas,,0
1583,aguri-suzuki,"1-3,9,15-16",0
1583,olivier-panis,1-17,0
1583,martin-brundle,"4-8,10-14,17",0
1584,mark-blundell,"1-2,5-17",0
1584,mika-hakkinen,"1-14,16-17",0
1584,nigel-mansell,3-4,0
1584,jan-magnussen,15,0
1585,johnny-herbert,1-17,0
1585,michael-schumacher,1-17,0
1586,luca-badoer,1-17,0
1586,pierluigi-martini,1-9,0
1586,pedro-lamy,10-17,0
1587,domenico-schiattarella,1-5,0
1587,jos-verstappen,1-5,0
1588,mika-salo,1-17,0
1588,ukyo-katayama,"1-13,15-17",0
1588,gabriele-tarquini,14,0
1589,andrea-montermini,1-17,0
1589,bertrand-gachot,"1-8,15-17",0
1589,giovanni-lavaggi,9-12,0
1589,jean-denis-deletraz,13-14,0
1590,pedro-diniz,1-17,0
1590,roberto-moreno,1-17,0
1591,heinz-harald-frentzen,1-17,0
1591,karl-wendlinger,"1-4,16-17",0
1591,jean-christophe-boullion,5-15,0
1592,damon-hill,1-17,0
1592,david-coulthard,1-17,0
1593,gerhard-berger,1-17,0
1593,jean-alesi,1-17,0
1594,eddie-irvine,1-17,0
1594,r-barrichello,1-17,0
1595,martin-brundle,1-16,0
1595,r-barrichello,1-16,0
1596,jos-verstappen,1-16,0
1596,ricardo-rosset,1-16,0
1597,andrea-montermini,1-10,0
1597,luca-badoer,1-10,0
1598,olivier-panis,1-16,0
1598,pedro-diniz,1-16,0
1599,david-coulthard,1-16,0
1599,mika-hakkinen,1-16,0
1600,gerhard-berger,1-16,0
1600,jean-alesi,1-16,0
1601,giancarlo-fisichella,"1,4-10",0
1601,pedro-lamy,1-16,0
1601,tarso-marques,2-3,0
1601,giovanni-lavaggi,11-16,0
1602,heinz-harald-frentzen,1-16,0
1602,johnny-herbert,1-16,0
1603,damon-hill,1-16,0
1603,jacques-villeneuve,1-16,0
1604,eddie-irvine,1-16,0
1604,michael-schumacher,1-16,0
1605,mika-salo,1-16,0
1605,ukyo-katayama,1-16,0
1606,giancarlo-fisichella,1-17,0
1606,ralf-schumacher,1-17,0
1607,damon-hill,1-17,0
1607,pedro-diniz,1-17,0
1608,jan-magnussen,1-17,0
1608,r-barrichello,1-17,0
1609,ricardo-rosset,1,0
1609,vincenzo-sospiri,1,0
1610,gerhard-berger,"1-6,10-17",0
1610,jean-alesi,1-17,0
1610,alexander-wurz,7-9,0
1611,jarno-trulli,1-7,0
1611,ukyo-katayama,1-17,0
1611,tarso-marques,8-17,0
1612,jos-verstappen,1-17,0
1612,mika-salo,1-17,0
1613,olivier-panis,"1-7,15-17",0
1613,shinji-nakano,1-17,0
1613,jarno-trulli,8-14,0
1614,johnny-herbert,1-17,0
1614,nicola-larini,1-5,0
1614,gianni-morbidelli,"6-7,11-16",0
1614,norberto-fontana,"8-10,17",0
1615,heinz-harald-frentzen,1-17,0
1615,jacques-villeneuve,1-17,0
1616,eddie-irvine,1-17,0
1616,michael-schumacher,1-17,0
1617,david-coulthard,1-17,0
1617,mika-hakkinen,1-17,0
1618,damon-hill,1-16,0
1618,ralf-schumacher,1-16,0
1619,mika-salo,1-16,0
1619,pedro-diniz,1-16,0
1620,esteban-tuero,1-16,0
1620,shinji-nakano,1-16,0
1621,jarno-trulli,1-16,0
1621,olivier-panis,1-16,0
1622,jan-magnussen,1-7,0
1622,r-barrichello,1-16,0
1622,jos-verstappen,8-16,0
1623,alexander-wurz,1-16,0
1623,giancarlo-fisichella,1-16,0
1624,ricardo-rosset,1-16,0
1624,toranosuke-takagi,1-16,0
1625,jean-alesi,1-16,0
1625,johnny-herbert,1-16,0
1626,eddie-irvine,1-16,0
1626,michael-schumacher,1-16,0
1627,david-coulthard,1-16,0
1627,mika-hakkinen,1-16,0
1628,heinz-harald-frentzen,1-16,0
1628,jacques-villeneuve,1-16,0
1629,damon-hill,1-16,0
1629,heinz-harald-frentzen,1-16,0
1630,jacques-villeneuve,1-16,0
1630,ricardo-zonta,"1-2,6-16",0
1630,mika-salo,3-5,0
1631,luca-badoer,"1,3-16",0
1631,marc-gene,1-16,0
1631,stephane-sarrazin,2,0
1632,jarno-trulli,1-16,0
1632,olivier-panis,1-16,0
1633,johnny-herbert,1-16,0
1633,r-barrichello,1-16,0
1634,alexander-wurz,1-16,0
1634,giancarlo-fisichella,1-16,0
1635,jean-alesi,1-16,0
1635,pedro-diniz,1-16,0
1636,pedro-de-la-rosa,1-16,0
1636,toranosuke-takagi,1-16,0
1637,eddie-irvine,1-16,0
1637,michael-schumacher,"1-8,15-16",0
1637,mika-salo,9-14,0
1638,david-coulthard,1-16,0
1638,mika-hakkinen,1-16,0
1639,alex-zanardi,1-16,0
1639,ralf-schumacher,1-16,0
1640,jos-verstappen,1-17,0
1640,pedro-de-la-rosa,1-17,0
1641,heinz-harald-frentzen,1-17,0
1641,jarno-trulli,1-17,0
1642,jenson-button,1-17,0
1642,ralf-schumacher,1-17,0
1643,jean-alesi,1-17,0
1643,nick-heidfeld,1-17,0
1644,eddie-irvine,1-17,0
1644,johnny-herbert,1-17,0
1644,luciano-burti,10,0
1645,jacques-villeneuve,1-17,0
1645,ricardo-zonta,1-17,0
1646,alexander-wurz,1-17,0
1646,giancarlo-fisichella,1-17,0
1647,mika-salo,1-17,0
1647,pedro-diniz,1-17,0
1648,michael-schumacher,1-17,0
1648,r-barrichello,1-17,0
1649,gaston-mazzacane,1-17,0
1649,marc-gene,1-17,0
1650,david-coulthard,1-17,0
1650,mika-hakkinen,1-17,0
1651,heinz-harald-frentzen,1-11,0
1651,jarno-trulli,1-17,0
1651,ricardo-zonta,"8,12",0
1651,jean-alesi,13-17,0
1652,juan-pablo-montoya,1-17,0
1652,ralf-schumacher,1-17,0
1653,fernando-alonso,1-17,0
1653,tarso-marques,1-14,0
1653,alex-yoong,15-17,0
1654,eddie-irvine,1-17,0
1654,luciano-burti,1-4,0
1654,pedro-de-la-rosa,5-17,0
1655,jacques-villeneuve,1-17,0
1655,olivier-panis,1-17,0
1656,giancarlo-fisichella,1-17,0
1656,jenson-button,1-17,0
1657,enrique-bernoldi,1-17,0
1657,jos-verstappen,1-17,0
1658,gaston-mazzacane,1-4,0
1658,jean-alesi,1-12,0
1658,luciano-burti,5-14,0
1658,heinz-harald-frentzen,13-17,0
1658,tomas-enge,15-17,0
1659,kimi-raikkonen,1-17,0
1659,nick-heidfeld,1-17,0
1660,michael-schumacher,1-17,0
1660,r-barrichello,1-17,0
1661,david-coulthard,1-17,0
1661,mika-hakkinen,1-17,0
1662,juan-pablo-montoya,1-17,0
1662,ralf-schumacher,1-17,0
1663,giancarlo-fisichella,1-17,0
1663,takuma-sato,1-17,0
1664,eddie-irvine,1-17,0
1664,pedro-de-la-rosa,1-17,0
1665,alex-yoong,"1-12,15-17",0
1665,mark-webber,1-17,0
1665,anthony-davidson,13-14,0
1666,jacques-villeneuve,1-17,0
1666,olivier-panis,1-17,0
1667,jarno-trulli,1-17,0
1667,jenson-button,1-17,0
1668,enrique-bernoldi,1-12,0
1668,heinz-harald-frentzen,1-12,0
1669,allan-mcnish,1-17,0
1669,mika-salo,1-17,0
1670,felipe-massa,"1-15,17",0
1670,nick-heidfeld,1-17,0
1670,heinz-harald-frentzen,16,0
1671,michael-schumacher,1-17,0
1671,r-barrichello,1-17,0
1672,david-coulthard,1-17,0
1672,kimi-raikkonen,1-17,0
1673,giancarlo-fisichella,1-16,0
1673,ralph-firman,"1-13,15-16",0
1673,zsolt-baumgartner,13-14,1
1673,bjorn-wirdheim,,1
1673,satoshi-motoyama,,1
1674,juan-pablo-montoya,1-16,0
1674,ralf-schumacher,1-16,0
1674,marc-gene,14,0
1675,antonio-pizzonia,1-11,0
1675,mark-webber,1-16,0
1675,justin-wilson,12-16,0
1676,jacques-villeneuve,1-15,0
1676,jenson-button,1-16,0
1676,takuma-sato,16,0
1677,fernando-alonso,1-16,0
1677,jarno-trulli,1-16,0
1677,allan-mcnish,,1
1677,franck-montagny,,1
1678,cristiano-da-matta,1-16,0
1678,olivier-panis,1-16,0
1679,heinz-harald-frentzen,1-16,0
1679,nick-heidfeld,1-16,0
1680,michael-schumacher,1-16,0
1680,r-barrichello,1-16,0
1681,jos-verstappen,1-16,0
1681,justin-wilson,1-11,0
1681,nicolas-kiesa,12-16,0
1681,gianmaria-bruni,,1
1681,matteo-bobbi,,1
1682,david-coulthard,1-16,0
1682,kimi-raikkonen,1-16,0
1683,juan-pablo-montoya,1-18,0
1683,ralf-schumacher,"1-9,16-18",0
1683,marc-gene,10-11,0
1683,antonio-pizzonia,12-15,0
1684,christian-klien,1-18,0
1684,mark-webber,1-18,0
1684,bjorn-wirdheim,,1
1685,giorgio-pantano,"1-7,9-15",0
1685,nick-heidfeld,1-18,0
1685,timo-glock,"8,16-18",1
1685,robert-doornbos,,1
1686,jenson-button,1-18,0
1686,takuma-sato,1-18,0
1686,anthony-davidson,,1
1687,fernando-alonso,1-18,0
1687,jarno-trulli,1-15,0
1687,jacques-villeneuve,16-18,0
1688,gianmaria-bruni,1-18,0
1688,zsolt-baumgartner,1-18,0
1688,bas-leinders,,1
1689,cristiano-da-matta,1-12,0
1689,olivier-panis,1-17,0
1689,ricardo-zonta,"13-16,18",1
1689,jarno-trulli,17-18,0
1689,ryan-briscoe,,1
1690,felipe-massa,1-18,0
1690,giancarlo-fisichella,1-18,0
1691,michael-schumacher,1-18,0
1691,r-barrichello,1-18,0
1692,david-coulthard,1-18,0
1692,kimi-raikkonen,1-18,0
1693,mark-webber,1-19,0
1693,nick-heidfeld,1-15,0
1693,antonio-pizzonia,15-19,0
1694,narain-karthikeyan,1-19,0
1694,tiago-monteiro,1-19,0
1694,franck-montagny,,1
1694,nicolas-kiesa,,1
1694,robert-doornbos,,1
1694,sakon-yamamoto,,1
1695,jenson-button,"1-4,7-19",0
1695,takuma-sato,"1-4,7-19",0
1695,anthony-davidson,2,0
1696,fernando-alonso,1-19,0
1696,giancarlo-fisichella,1-19,0
1697,christijan-albers,1-19,0
1697,patrick-friesacher,1-11,0
1697,robert-doornbos,12-19,0
1697,chanoch-nissany,,1
1697,enrico-toccacelo,,1
1698,jarno-trulli,1-19,0
1698,ralf-schumacher,1-19,0
1698,ricardo-zonta,9,1
1698,olivier-panis,,1
1699,christian-klien,"1-3,8-19",1
1699,david-coulthard,1-19,0
1699,vitantonio-liuzzi,4-7,1
1699,scott-speed,,1
1700,felipe-massa,1-19,0
1700,jacques-villeneuve,1-19,0
1701,michael-schumacher,1-19,0
1701,r-barrichello,1-19,0
1702,juan-pablo-montoya,"1-2,5-19",0
1702,kimi-raikkonen,1-19,0
1702,pedro-de-la-rosa,3,1
1702,alexander-wurz,4,1
1703,jacques-villeneuve,1-12,0
1703,nick-heidfeld,1-18,0
1703,robert-kubica,13-18,1
1703,seb-vettel,,1
1704,jenson-button,1-18,0
1704,r-barrichello,1-18,0
1704,anthony-davidson,,1
1705,christijan-albers,1-18,0
1705,tiago-monteiro,1-18,0
1705,alexandre-premat,,1
1705,adrian-sutil,,1
1705,ernesto-viso,,1
1705,giorgio-mondini,,1
1705,markus-winkelhock,,1
1706,fernando-alonso,1-18,0
1706,giancarlo-fisichella,1-18,0
1707,jarno-trulli,1-18,0
1707,ralf-schumacher,1-18,0
1708,christian-klien,1-15,0
1708,david-coulthard,1-18,0
1708,robert-doornbos,16-18,1
1708,michael-ammermuller,,1
1709,felipe-massa,1-18,0
1709,michael-schumacher,1-18,0
1710,scott-speed,1-18,0
1710,vitantonio-liuzzi,1-18,0
1710,neel-jani,,1
1711,takuma-sato,1-18,0
1711,yuji-ide,1-4,0
1711,franck-montagny,5-11,1
1711,sakon-yamamoto,12-18,1
1712,juan-pablo-montoya,1-10,0
1712,kimi-raikkonen,1-18,0
1712,pedro-de-la-rosa,11-18,0
1713,mark-webber,1-18,0
1713,nico-rosberg,1-18,0
1713,alexander-wurz,,1
1714,alexander-wurz,1-16,0
1714,nico-rosberg,1-17,0
1714,kazuki-nakajima,17,1
1715,nick-heidfeld,1-17,0
1715,robert-kubica,"1-6,8-17",0
1715,seb-vettel,7,1
1716,adrian-sutil,1-17,0
1716,christijan-albers,1-9,0
1716,markus-winkelhock,10,0
1716,sakon-yamamoto,11-17,0
1717,jenson-button,1-17,0
1717,r-barrichello,1-17,0
1717,christian-klien,,1
1718,giancarlo-fisichella,1-17,0
1718,heikki-kovalainen,1-17,0
1719,jarno-trulli,1-17,0
1719,ralf-schumacher,1-17,0
1720,david-coulthard,1-17,0
1720,mark-webber,1-17,0
1721,felipe-massa,1-17,0
1721,kimi-raikkonen,1-17,0
1722,scott-speed,1-10,0
1722,vitantonio-liuzzi,1-17,0
1722,seb-vettel,11-17,0
1723,anthony-davidson,1-17,0
1723,takuma-sato,1-17,0
1724,fernando-alonso,1-17,0
1724,lewis-hamilton,1-17,0
1725,kazuki-nakajima,1-18,0
1725,nico-rosberg,1-18,0
1726,nick-heidfeld,1-18,0
1726,robert-kubica,1-18,0
1727,adrian-sutil,1-18,0
1727,giancarlo-fisichella,1-18,0
1728,jenson-button,1-18,0
1728,r-barrichello,1-18,0
1729,fernando-alonso,1-18,0
1729,nelson-piquet-jr,1-18,0
1730,jarno-trulli,1-18,0
1730,timo-glock,1-18,0
1731,david-coulthard,1-18,0
1731,mark-webber,1-18,0
1732,felipe-massa,1-18,0
1732,kimi-raikkonen,1-18,0
1733,seb-vettel,1-18,0
1733,sebastien-bourdais,1-18,0
1734,anthony-davidson,1-4,0
1734,takuma-sato,1-4,0
1735,heikki-kovalainen,1-18,0
1735,lewis-hamilton,1-18,0
1736,kazuki-nakajima,1-17,0
1736,nico-rosberg,1-17,0
1737,nick-heidfeld,1-17,0
1737,robert-kubica,1-17,0
1738,jenson-button,1-17,0
1738,r-barrichello,1-17,0
1739,adrian-sutil,1-17,0
1739,giancarlo-fisichella,1-12,0
1739,vitantonio-liuzzi,13-17,0
1740,jarno-trulli,1-17,0
1740,timo-glock,1-15,0
1740,kamui-kobayashi,16-17,1
1741,mark-webber,1-17,0
1741,seb-vettel,1-17,0
1742,fernando-alonso,1-17,0
1742,nelson-piquet-jr,1-10,0
1742,romain-grosjean,11-17,0
1743,felipe-massa,1-10,0
1743,kimi-raikkonen,1-17,0
1743,luca-badoer,11-12,0
1743,giancarlo-fisichella,13-17,0
1744,sebastien-bourdais,1-9,0
1744,sebastien-buemi,1-17,0
1744,jaime-alguersuari,10-17,0
1745,heikki-kovalainen,1-17,0
1745,lewis-hamilton,1-17,0
1746,nico-hulkenberg,1-19,0
1746,r-barrichello,1-19,0
1747,kamui-kobayashi,1-19,0
1747,pedro-de-la-rosa,1-14,0
1747,nick-heidfeld,15-19,0
1748,adrian-sutil,1-19,0
1748,vitantonio-liuzzi,1-19,0
1748,paul-di-resta,,1
1749,bruno-senna,"1-9,11-19",0
1749,karun-chandhok,1-10,0
1749,sakon-yamamoto,"10-14,16-17",1
1749,christian-klien,"15,18-19",1
1750,heikki-kovalainen,1-19,0
1750,jarno-trulli,1-19,0
1750,fairuz-fauzy,,1
1751,michael-schumacher,1-19,0
1751,nico-rosberg,1-19,0
1752,mark-webber,1-19,0
1752,seb-vettel,1-19,0
1753,robert-kubica,1-19,0
1753,vitaly-petrov,1-19,0
1754,felipe-massa,1-19,0
1754,fernando-alonso,1-19,0
1755,jaime-alguersuari,1-19,0
1755,sebastien-buemi,1-19,0
1756,lucas-di-grassi,1-19,0
1756,timo-glock,1-19,0
1756,jerome-dambrosio,,1
1757,jenson-button,1-19,0
1757,lewis-hamilton,1-19,0
1758,pastor-maldonado,1-19,0
1758,r-barrichello,1-19,0
1759,adrian-sutil,1-19,0
1759,paul-di-resta,1-19,0
1759,nico-hulkenberg,,1
1760,narain-karthikeyan,"1-8,17",1
1760,vitantonio-liuzzi,"1-16,18-19",0
1760,daniel-ricciardo,9-19,0
1760,jan-charouz,,1
1761,nick-heidfeld,1-11,0
1761,vitaly-petrov,1-19,0
1761,bruno-senna,12-19,1
1761,romain-grosjean,,1
1762,jerome-dambrosio,1-19,0
1762,timo-glock,1-19,0
1762,robert-wickens,,1
1763,michael-schumacher,1-19,0
1763,nico-rosberg,1-19,0
1764,mark-webber,1-19,0
1764,seb-vettel,1-19,0
1765,kamui-kobayashi,1-19,0
1765,sergio-perez,1-19,0
1765,pedro-de-la-rosa,7,0
1766,felipe-massa,1-19,0
1766,fernando-alonso,1-19,0
1767,jaime-alguersuari,1-19,0
1767,sebastien-buemi,1-19,0
1767,daniel-ricciardo,,1
1767,jean-eric-vergne,,1
1768,heikki-kovalainen,1-19,0
1768,jarno-trulli,"1-9,11-19",0
1768,karun-chandhok,10,1
1768,davide-valsecchi,,1
1768,luiz-razia,,1
1769,jenson-button,1-19,0
1769,lewis-hamilton,1-19,0
1770,heikki-kovalainen,1-20,0
1770,vitaly-petrov,1-20,0
1770,alexander-rossi,,1
1770,giedo-van-der-garde,,1
1771,narain-karthikeyan,1-20,0
1771,pedro-de-la-rosa,1-20,0
1771,dani-clos,,1
1771,ma-qinghua,,1
1772,kimi-raikkonen,1-20,0
1772,romain-grosjean,"1-12,14-20",0
1772,jerome-dambrosio,13,0
1773,charles-pic,1-20,0
1773,timo-glock,1-20,0
1773,max-chilton,,1
1774,michael-schumacher,1-20,0
1774,nico-rosberg,1-20,0
1775,mark-webber,1-20,0
1775,seb-vettel,1-20,0
1776,nico-hulkenberg,1-20,0
1776,paul-di-resta,1-20,0
1776,jules-bianchi,,1
1777,kamui-kobayashi,1-20,0
1777,sergio-perez,1-20,0
1777,esteban-gutierrez,,1
1778,felipe-massa,1-20,0
1778,fernando-alonso,1-20,0
1779,daniel-ricciardo,1-20,0
1779,jean-eric-vergne,1-20,0
1780,jenson-button,1-20,0
1780,lewis-hamilton,1-20,0
1781,bruno-senna,1-20,0
1781,pastor-maldonado,1-20,0
1781,valtteri-bottas,,1
1782,charles-pic,1-19,0
1782,giedo-van-der-garde,1-19,0
1782,alexander-rossi,,1
1782,heikki-kovalainen,,1
1782,ma-qinghua,,1
1783,mark-webber,1-19,0
1783,seb-vettel,1-19,0
1784,kimi-raikkonen,1-17,0
1784,romain-grosjean,1-19,0
1784,heikki-kovalainen,18-19,0
1785,jules-bianchi,1-19,0
1785,max-chilton,1-19,0
1785,rodolfo-gonzalez,,1
1786,lewis-hamilton,1-19,0
1786,nico-rosberg,1-19,0
1787,adrian-sutil,1-19,0
1787,paul-di-resta,1-19,0
1787,james-calado,,1
1788,esteban-gutierrez,1-19,0
1788,nico-hulkenberg,1-19,0
1789,felipe-massa,1-19,0
1789,fernando-alonso,1-19,0
1790,daniel-ricciardo,1-19,0
1790,jean-eric-vergne,1-19,0
1790,daniil-kvyat,,1
1791,jenson-button,1-19,0
1791,sergio-perez,1-19,0
1792,pastor-maldonado,1-19,0
1792,valtteri-bottas,1-19,0
1793,kamui-kobayashi,"1-11,13-16,19",0
1793,marcus-ericsson,1-16,0
1793,andre-lotterer,12,0
1793,will-stevens,19,0
1793,alexander-rossi,,1
1793,roberto-merhi,,1
1793,robin-frijns,,1
1794,daniel-ricciardo,1-19,0
1794,seb-vettel,1-19,0
1795,pastor-maldonado,1-19,0
1795,romain-grosjean,1-19,0
1795,charles-pic,,1
1795,esteban-ocon,,1
1796,jules-bianchi,1-15,0
1796,max-chilton,1-16,0
1796,alexander-rossi,"12,16",0
1797,jenson-button,1-19,0
1797,kevin-magnussen,1-19,0
1798,lewis-hamilton,1-19,0
1798,nico-rosberg,1-19,0
1799,nico-hulkenberg,1-19,0
1799,sergio-perez,1-19,0
1799,daniel-juncadella,,1
1800,adrian-sutil,1-19,0
1800,esteban-gutierrez,1-19,0
1800,adderly-fong,,1
1800,giedo-van-der-garde,,1
1800,sergey-sirotkin,,1
1801,fernando-alonso,1-19,0
1801,kimi-raikkonen,1-19,0
1802,daniil-kvyat,1-19,0
1802,jean-eric-vergne,1-19,0
1802,max-verstappen,,1
1803,felipe-massa,1-19,0
1803,valtteri-bottas,1-19,0
1803,felipe-nasr,,1
1803,susie-wolff,,1
1804,daniel-ricciardo,1-19,0
1804,daniil-kvyat,1-19,0
1805,pastor-maldonado,1-19,0
1805,romain-grosjean,1-19,0
1805,jolyon-palmer,,1
1806,roberto-merhi,"1-12,15,19",0
1806,will-stevens,1-19,0
1806,alexander-rossi,"13-14,16-18",0
1806,fabio-leimer,,1
1807,jenson-button,1-19,0
1807,kevin-magnussen,1,0
1807,fernando-alonso,2-19,0
1808,lewis-hamilton,1-19,0
1808,nico-rosberg,1-19,0
1809,nico-hulkenberg,1-19,0
1809,sergio-perez,1-19,0
1810,felipe-nasr,1-19,0
1810,marcus-ericsson,1-19,0
1810,raffaele-marciello,,1
1811,kimi-raikkonen,1-19,0
1811,seb-vettel,1-19,0
1812,carlos-sainz-jr,1-19,0
1812,max-verstappen,1-19,0
1813,felipe-massa,1-19,0
1813,valtteri-bottas,1-19,0
1813,susie-wolff,,1
1814,esteban-gutierrez,1-21,0
1814,romain-grosjean,1-21,0
1814,charles-leclerc,,1
1815,pascal-wehrlein,1-21,0
1815,rio-haryanto,1-12,0
1815,esteban-ocon,13-21,0
1815,jordan-king,,1
1816,fernando-alonso,"1,3-21",0
1816,jenson-button,1-21,0
1816,stoffel-vandoorne,2,0
1817,lewis-hamilton,1-21,0
1817,nico-rosberg,1-21,0
1818,daniel-ricciardo,1-21,0
1818,daniil-kvyat,1-4,0
1818,max-verstappen,5-21,0
1819,jolyon-palmer,1-21,0
1819,kevin-magnussen,1-21,0
1819,esteban-ocon,,1
1819,sergey-sirotkin,,1
1820,nico-hulkenberg,1-21,0
1820,sergio-perez,1-21,0
1820,alfonso-celis-jr,,1
1821,felipe-nasr,1-21,0
1821,marcus-ericsson,1-21,0
1822,kimi-raikkonen,1-21,0
1822,seb-vettel,1-21,0
1823,carlos-sainz-jr,1-21,0
1823,max-verstappen,1-4,0
1823,daniil-kvyat,5-21,0
1824,felipe-massa,1-21,0
1824,valtteri-bottas,1-21,0
1825,kevin-magnussen,1-20,0
1825,romain-grosjean,1-20,0
1825,antonio-giovinazzi,,1
1826,fernando-alonso,"1-5,7-20",0
1826,stoffel-vandoorne,1-20,0
1826,jenson-button,6,0
1827,lewis-hamilton,1-20,0
1827,valtteri-bottas,1-20,0
1828,daniel-ricciardo,1-20,0
1828,max-verstappen,1-20,0
1829,jolyon-palmer,1-16,0
1829,nico-hulkenberg,1-20,0
1829,carlos-sainz-jr,17-20,0
1829,sergey-sirotkin,,1
1830,esteban-ocon,1-20,0
1830,sergio-perez,1-20,0
1830,alfonso-celis-jr,,1
1830,george-russell,,1
1831,antonio-giovinazzi,1-2,0
1831,marcus-ericsson,1-20,0
1831,pascal-wehrlein,"1,3-20",0
1831,charles-leclerc,,1
1832,kimi-raikkonen,1-20,0
1832,seb-vettel,1-20,0
1833,carlos-sainz-jr,1-16,0
1833,daniil-kvyat,"1-14,17",0
1833,pierre-gasly,"15-16,18-20",0
1833,brendon-hartley,17-20,0
1833,sean-gelael,,1
1834,felipe-massa,1-20,0
1834,lance-stroll,1-20,0
1834,paul-di-resta,11,0
1835,charles-leclerc,1-21,0
1835,marcus-ericsson,1-21,0
1835,antonio-giovinazzi,,1
1836,daniel-ricciardo,1-21,0
1836,max-verstappen,1-21,0
1837,kevin-magnussen,1-21,0
1837,romain-grosjean,1-21,0
1838,fernando-alonso,1-21,0
1838,stoffel-vandoorne,1-21,0
1838,lando-norris,,1
1839,lewis-hamilton,1-21,0
1839,valtteri-bottas,1-21,0
1840,esteban-ocon,13-21,0
1840,sergio-perez,13-21,0
1840,nicholas-latifi,,1
1841,brendon-hartley,1-21,0
1841,pierre-gasly,1-21,0
1841,sean-gelael,,1
1842,carlos-sainz-jr,1-21,0
1842,nico-hulkenberg,1-21,0
1842,artem-markelov,,1
1843,esteban-ocon,1-12,0
1843,sergio-perez,1-12,0
1843,nicholas-latifi,,1
1844,kimi-raikkonen,1-21,0
1844,seb-vettel,1-21,0
1845,lance-stroll,1-21,0
1845,sergey-sirotkin,1-21,0
1845,robert-kubica,,1
1846,antonio-giovinazzi,1-21,0
1846,kimi-raikkonen,1-21,0
1847,max-verstappen,1-21,0
1847,pierre-gasly,1-12,0
1847,alexander-albon,13-21,0
1848,kevin-magnussen,1-21,0
1848,romain-grosjean,1-21,0
1849,carlos-sainz-jr,1-21,0
1849,lando-norris,1-21,0
1850,lewis-hamilton,1-21,0
1850,valtteri-bottas,1-21,0
1851,alexander-albon,1-12,0
1851,daniil-kvyat,1-21,0
1851,pierre-gasly,13-21,0
1851,naoki-yamamoto,,1
1852,daniel-ricciardo,1-21,0
1852,nico-hulkenberg,1-21,0
1853,george-russell,1-21,0
1853,robert-kubica,1-21,0
1853,nicholas-latifi,,1
1854,charles-leclerc,1-21,0
1854,seb-vettel,1-21,0
1855,lance-stroll,1-21,0
1855,sergio-perez,1-21,0
1856,antonio-giovinazzi,1-17,0
1856,kimi-raikkonen,1-17,0
1856,robert-kubica,,1
1857,alexander-albon,1-17,0
1857,max-verstappen,1-17,0
1858,lance-stroll,1-17,0
1858,sergio-perez,"1-3,6-17",0
1858,nico-hulkenberg,"4-5,11",0
1859,kevin-magnussen,1-17,0
1859,romain-grosjean,1-15,0
1859,pietro-fittipaldi,16-17,0
1859,mick-schumacher,,1
1860,carlos-sainz-jr,1-17,0
1860,lando-norris,1-17,0
1861,lewis-hamilton,"1-15,17",0
1861,valtteri-bottas,1-17,0
1861,george-russell,16,0
1862,daniel-ricciardo,1-17,0
1862,esteban-ocon,1-17,0
1863,daniil-kvyat,1-17,0
1863,pierre-gasly,1-17,0
1864,charles-leclerc,1-17,0
1864,seb-vettel,1-17,0
1865,george-russell,"1-15,17",0
1865,nicholas-latifi,1-17,0
1865,jack-aitken,16,1
1865,roy-nissany,,1
1866,antonio-giovinazzi,1-22,0
1866,kimi-raikkonen,"1-13,15-22",0
1866,callum-ilott,,1
1866,robert-kubica,13-14,1
1867,esteban-ocon,1-22,0
1867,fernando-alonso,1-22,0
1867,guanyu-zhou,,1
1868,lance-stroll,1-22,0
1868,seb-vettel,1-22,0
1869,daniel-ricciardo,1-22,0
1869,lando-norris,1-22,0
1870,lewis-hamilton,1-22,0
1870,valtteri-bottas,1-22,0
1871,max-verstappen,1-22,0
1871,sergio-perez,1-22,0
1872,pierre-gasly,1-22,0
1872,yuki-tsunoda,1-22,0
1873,carlos-sainz-jr,1-22,0
1873,charles-leclerc,1-22,0
1874,mick-schumacher,1-22,0
1874,nikita-mazepin,1-22,0
1875,george-russell,1-22,0
1875,nicholas-latifi,1-22,0
1875,jack-aitken,,1
1875,roy-nissany,,1
1876,guanyu-zhou,1-22,0
1876,valtteri-bottas,1-22,0
1876,robert-kubica,,1
1876,theo-pourchaire,,1
1877,lance-stroll,1-22,0
1877,nico-hulkenberg,1-2,0
1877,seb-vettel,3-22,0
1877,nyck-de-vries,,1
1877,felipe-drugovich,,1
1878,esteban-ocon,1-22,0
1878,fernando-alonso,1-22,0
1878,jack-doohan,,1
1879,kevin-magnussen,1-22,0
1879,mick-schumacher,1-22,0
1879,antonio-giovinazzi,,1
1879,pietro-fittipaldi,,1
1880,daniel-ricciardo,1-22,0
1880,lando-norris,1-22,0
1880,alex-palou,,1
1880,patricio-oward,,1
1881,george-russell,1-22,0
1881,lewis-hamilton,1-22,0
1881,nyck-de-vries,,1
1882,max-verstappen,1-22,0
1882,sergio-perez,1-22,0
1882,juri-vips,,1
1882,liam-lawson,,1
1883,pierre-gasly,1-22,0
1883,yuki-tsunoda,1-22,0
1883,liam-lawson,,1
1884,carlos-sainz-jr,1-22,0
1884,charles-leclerc,1-22,0
1884,robert-shwartzman,,1
1885,alexander-albon,1-22,0
1885,nicholas-latifi,1-22,0
1885,nyck-de-vries,16,1
1885,logan-sargeant,,1
